Workbook

Sheet Machine Details
A1: Machine 1
A2: Machine Name | B2: Surface Laptop 4
A3: Nominal CPU Speed (GHz), also the Nominal No. Of Instructions Per ns | B3: 3

Sheet VI Properties
A1: VI Properties
A2: Screenshot 1 | B2: The VI Properties of "NR" VIs
A24: Screenshot 2 | B24: The VI Properties of "SCR" VIs
A46: Screenshot 3 | B46: The VI Properties of "PCR" VIs

Sheet Exp1
B1: Experiment 1
B2: No. | C2: Time to run 1M calls of "Math SubVI - Simple (NR).vi" (seconds) | D2: Time to run 1M calls of "Math SubVI - Simple (SCR).vi" (seconds) | E2: Time to run 1M calls of "Math SubVI - Simple (PCR).vi" (seconds) | F2: Time to run 1M calls of "Math SubVI - Medium (NR).vi" (seconds) | G2: Time to run 1M calls of "Math SubVI - Medium (SCR).vi" (seconds) | H2: Time to run 1M calls of "Math SubVI - Medium (PCR).vi" (seconds) | I2: Time to run 1M calls of "Math SubVI - Complex (NR).vi" (seconds) | J2: Time to run 1M calls of "Math SubVI - Complex (SCR).vi" (seconds) | K2: Time to run 1M calls of "Math SubVI - Complex (PCR).vi" (seconds)
B3: 1 | C3: 0.05363 | D3: 0.052067 | E3: 0.027966 | F3: 0.120472 | G3: 0.107621 | H3: 0.110173 | I3: 0.782642 | J3: 0.814703 | K3: 0.768105
B4: 2 | C4: 0.0904 | D4: 0.054482 | E4: 0.020875 | F4: 0.121826 | G4: 0.108747 | H4: 0.083337 | I4: 0.817455 | J4: 0.786048 | K4: 0.75295
B5: 3 | C5: 0.058736 | D5: 0.053866 | E5: 0.032162 | F5: 0.134393 | G5: 0.106808 | H5: 0.146025 | I5: 0.785043 | J5: 0.787949 | K5: 0.781635
B6: 4 | C6: 0.056035 | D6: 0.054403 | E6: 0.026951 | F6: 0.138032 | G6: 0.108741 | H6: 0.086637 | I6: 0.783835 | J6: 0.845376 | K6: 0.750532
B7: 5 | C7: 0.057157 | D7: 0.053645 | E7: 0.020276 | F7: 0.137741 | G7: 0.108498 | H7: 0.090248 | I7: 0.783077 | J7: 0.785068 | K7: 0.760329
B8: 6 | C8: 0.050847 | D8: 0.052364 | E8: 0.021818 | F8: 0.128129 | G8: 0.120303 | H8: 0.134462 | I8: 0.833941 | J8: 0.785474 | K8: 0.759868
B9: 7 | C9: 0.053141 | D9: 0.054304 | E9: 0.023479 | F9: 0.168385 | G9: 0.111778 | H9: 0.087429 | I9: 0.790758 | J9: 0.792958 | K9: 0.791074
B10: 8 | C10: 0.055818 | D10: 0.061379 | E10: 0.02795 | F10: 0.252837 | G10: 0.114591 | H10: 0.089299 | I10: 0.780814 | J10: 0.786026 | K10: 0.75154
B11: 9 | C11: 0.053525 | D11: 0.053748 | E11: 0.02471 | F11: 0.190444 | G11: 0.119326 | H11: 0.093815 | I11: 0.782988 | J11: 0.790953 | K11: 0.762319
B12: 10 | C12: 0.057098 | D12: 0.054015 | E12: 0.02436 | F12: 0.122536 | G12: 0.116752 | H12: 0.084032 | I12: 0.787366 | J12: 0.787082 | K12: 0.784928
B13: 11 | C13: 0.057045 | D13: 0.073749 | E13: 0.048533 | F13: 0.118251 | G13: 0.107136 | H13: 0.080665 | I13: 0.788686 | J13: 0.814034 | K13: 0.755202
B14: 12 | C14: 0.056579 | D14: 0.053576 | E14: 0.020373 | F14: 0.132793 | G14: 0.109803 | H14: 0.093465 | I14: 0.792781 | J14: 0.787 | K14: 0.753296
... B17: 15 | C17: 0.051221 | D17: 0.053317 | E17: 0.02053 | F17: 0.153009 | G17: 0.112756 | H17: 0.099595 | I17: 0.788432 | J17: 0.815531 | K17: 0.784845
A18: Avg (seconds per 1M calls) | C18: =AVERAGE(Table145[Time to run 1M calls of "Math SubVI - Simple (NR).vi" (seconds)]) -> 0.059681267 | D18: =AVERAGE(Table145[Time to run 1M calls of "Math SubVI - Simple (SCR).vi" (seconds)]) -> 0.055431133 | E18: =AVERAGE(Table145[Time to run 1M calls of "Math SubVI - Simple (PCR).vi" (seconds)]) -> 0.025740733 | F18: =AVERAGE(Table145[Time to run 1M calls of "Math SubVI - Medium (NR).vi" (seconds)]) -> 0.14562627 | G18: =AVERAGE(Table145[Time to run 1M calls of "Math SubVI - Medium (SCR).vi" (seconds)]) -> 0.1126436 | H18: =AVERAGE(Table145[Time to run 1M calls of "Math SubVI - Medium (PCR).vi" (seconds)]) -> 0.099460467 | I18: =AVERAGE(Table145[Time to run 1M calls of "Math SubVI - Complex (NR).vi" (seconds)]) -> 0.7922758 | J18: =AVERAGE(Table145[Time to run 1M calls of "Math SubVI - Complex (SCR).vi" (seconds)]) -> 0.797061 | K18: =AVERAGE(Table145[Time to run 1M calls of "Math SubVI - Complex (PCR).vi" (seconds)]) -> 0.76515173
A19: Avg (us per call) | C19: =C18*1000000/1000000 -> 0.059681267 | D19: =D18*1000000/1000000 -> 0.055431133 | E19: =E18*1000000/1000000 -> 0.025740733 | F19: =F18*1000000/1000000 -> 0.14562627 | G19: =G18*1000000/1000000 -> 0.1126436 | H19: =H18*1000000/1000000 -> 0.099460467 | I19: =I18*1000000/1000000 -> 0.7922758 | J19: =J18*1000000/1000000 -> 0.797061 | K19: =K18*1000000/1000000 -> 0.76515173
A20: Difference (SCR/PCR - NR) (us per call) | C20: N/A | D20: =D19-C19 -> -0.0042501333 | E20: =E19-C19 -> -0.033940533 | F20: N/A | G20: =G19-F19 -> -0.032982667 | H20: =H19-F19 -> -0.0461658 | I20: N/A | J20: =J19-I19 -> 0.0047852 | K20: =K19-I19 -> -0.027124067
A21: Difference (SCR/PCR - NR) (ns per call) | C21: N/A | D21: =D20*1000 -> -4.2501333 | E21: =E20*1000 -> -33.940533 | F21: N/A | G21: =G20*1000 -> -32.982667 | H21: =H20*1000 -> -46.1658 | I21: N/A | J21: =J20*1000 -> 4.7852 | K21: =K20*1000 -> -27.124067
A22: Estimated No. of Instructions Per VI Call | C22: =C19*1000*'Machine Details'!$B$3 -> 179.0438 | D22: =D19*1000*'Machine Details'!$B$3 -> 166.2934 | E22: =E19*1000*'Machine Details'!$B$3 -> 77.2222 | F22: =F19*1000*'Machine Details'!$B$3 -> 436.8788 | G22: =G19*1000*'Machine Details'!$B$3 -> 337.9308 | H22: =H19*1000*'Machine Details'!$B$3 -> 298.3814 | I22: =I19*1000*'Machine Details'!$B$3 -> 2376.8274 | J22: =J19*1000*'Machine Details'!$B$3 -> 2391.183 | K22: =K19*1000*'Machine Details'!$B$3 -> 2295.4552
A23: No. of CPU Instructions Saved Per VI Call | C23: N/A | D23: =ROUND($C$22,0)-ROUND(D22,0) -> 13 | E23: =ROUND($C$22,0)-ROUND(E22,0) -> 102 | F23: N/A | G23: =ROUND($F$22,0)-ROUND(G22,0) -> 99 | H23: =ROUND($F$22,0)-ROUND(H22,0) -> 139 | I23: N/A | J23: =ROUND($I$22,0)-ROUND(J22,0) -> -14 | K23: =ROUND($I$22,0)-ROUND(K22,0) -> 82
A24: CPU Instructions Saved Per VI Call (percent) | C24: N/A | D24: =D23/$C$22 -> 0.072607932 | E24: =E23/$C$22 -> 0.569693 | F24: N/A | G24: =G23/$F$22 -> 0.22660747 | H24: =H23/$F$22 -> 0.31816605 | I24: N/A | J24: =J23/$I$22 -> -0.0058902047 | K24: =K23/$I$22 -> 0.034499771

Sheet Exp2
B1: Experiment 2
B2: No. | C2: Time to run 1M calls of "Math SubVI - Simple (NR).vi" (seconds) | D2: Time to run 1M calls of "Math SubVI - Simple (SCR).vi" (seconds) | E2: Time to run 1M calls of "Math SubVI - Simple (PCR).vi" (seconds) | F2: Time to run 1M calls of "Math SubVI - Medium (NR).vi" (seconds) | G2: Time to run 1M calls of "Math SubVI - Medium (SCR).vi" (seconds) | H2: Time to run 1M calls of "Math SubVI - Medium (PCR).vi" (seconds) | I2: Time to run 1M calls of "Math SubVI - Complex (NR).vi" (seconds) | J2: Time to run 1M calls of "Math SubVI - Complex (SCR).vi" (seconds) | K2: Time to run 1M calls of "Math SubVI - Complex (PCR).vi" (seconds)
B3: 1 | C3: 0.061002 | D3: 0.069387 | E3: 0.029143 | F3: 0.138246 | G3: 0.127764 | H3: 0.097702 | I3: 0.788093 | J3: 0.800677 | K3: 0.765096
B4: 2 | C4: 0.066146 | D4: 0.088253 | E4: 0.03095 | F4: 0.141753 | G4: 0.127016 | H4: 0.099673 | I4: 0.815433 | J4: 0.825641 | K4: 0.763316
B5: 3 | C5: 0.062734 | D5: 0.071449 | E5: 0.032685 | F5: 0.134289 | G5: 0.159872 | H5: 0.104267 | I5: 0.815216 | J5: 0.797166 | K5: 0.759996
B6: 4 | C6: 0.063042 | D6: 0.071496 | E6: 0.033625 | F6: 0.128429 | G6: 0.128277 | H6: 0.098386 | I6: 0.815535 | J6: 0.799825 | K6: 0.762578
B7: 5 | C7: 0.078125 | D7: 0.070885 | E7: 0.031021 | F7: 0.158691 | G7: 0.131726 | H7: 0.102519 | I7: 0.795484 | J7: 0.805878 | K7: 0.764596
B8: 6 | C8: 0.107928 | D8: 0.070861 | E8: 0.029322 | F8: 0.133421 | G8: 0.125542 | H8: 0.097639 | I8: 0.797536 | J8: 0.815079 | K8: 0.761994
B9: 7 | C9: 0.065849 | D9: 0.067902 | E9: 0.029758 | F9: 0.134923 | G9: 0.125357 | H9: 0.099663 | I9: 0.821585 | J9: 0.802909 | K9: 0.767192
B10: 8 | C10: 0.063151 | D10: 0.066947 | E10: 0.030334 | F10: 0.133324 | G10: 0.130029 | H10: 0.097924 | I10: 0.795 | J10: 0.805482 | K10: 0.759286
B11: 9 | C11: 0.063019 | D11: 0.109608 | E11: 0.039293 | F11: 0.131751 | G11: 0.124663 | H11: 0.098561 | I11: 0.79854 | J11: 0.804516 | K11: 0.764693
B12: 10 | C12: 0.062913 | D12: 0.065314 | E12: 0.031245 | F12: 0.131721 | G12: 0.138773 | H12: 0.100548 | I12: 0.797407 | J12: 0.808384 | K12: 0.762331
B13: 11 | C13: 0.06097 | D13: 0.070967 | E13: 0.031984 | F13: 0.152674 | G13: 0.131208 | H13: 0.09812 | I13: 0.801669 | J13: 0.801782 | K13: 0.779358
B14: 12 | C14: 0.068008 | D14: 0.071319 | E14: 0.02995 | F14: 0.157989 | G14: 0.124488 | H14: 0.095987 | I14: 0.793329 | J14: 0.828056 | K14: 0.767088
... B17: 15 | C17: 0.061259 | D17: 0.069202 | E17: 0.031108 | F17: 0.143338 | G17: 0.124508 | H17: 0.100184 | I17: 0.816954 | J17: 0.802619 | K17: 0.76862
A18: Avg (seconds per 1M calls) | C18: =AVERAGE(Table1456[Time to run 1M calls of "Math SubVI - Simple (NR).vi" (seconds)]) -> 0.068867333 | D18: =AVERAGE(Table1456[Time to run 1M calls of "Math SubVI - Simple (SCR).vi" (seconds)]) -> 0.0730372 | E18: =AVERAGE(Table1456[Time to run 1M calls of "Math SubVI - Simple (PCR).vi" (seconds)]) -> 0.031754467 | F18: =AVERAGE(Table1456[Time to run 1M calls of "Math SubVI - Medium (NR).vi" (seconds)]) -> 0.1461822 | G18: =AVERAGE(Table1456[Time to run 1M calls of "Math SubVI - Medium (SCR).vi" (seconds)]) -> 0.13046567 | H18: =AVERAGE(Table1456[Time to run 1M calls of "Math SubVI - Medium (PCR).vi" (seconds)]) -> 0.098935667 | I18: =AVERAGE(Table1456[Time to run 1M calls of "Math SubVI - Complex (NR).vi" (seconds)]) -> 0.8033736 | J18: =AVERAGE(Table1456[Time to run 1M calls of "Math SubVI - Complex (SCR).vi" (seconds)]) -> 0.80822627 | K18: =AVERAGE(Table1456[Time to run 1M calls of "Math SubVI - Complex (PCR).vi" (seconds)]) -> 0.76565493
A19: Avg (us per call) | C19: =C18*1000000/1000000 -> 0.068867333 | D19: =D18*1000000/1000000 -> 0.0730372 | E19: =E18*1000000/1000000 -> 0.031754467 | F19: =F18*1000000/1000000 -> 0.1461822 | G19: =G18*1000000/1000000 -> 0.13046567 | H19: =H18*1000000/1000000 -> 0.098935667 | I19: =I18*1000000/1000000 -> 0.8033736 | J19: =J18*1000000/1000000 -> 0.80822627 | K19: =K18*1000000/1000000 -> 0.76565493
A20: Difference (SCR/PCR - NR) (us per call) | C20: N/A | D20: =D19-C19 -> 0.0041698667 | E20: =E19-C19 -> -0.037112867 | F20: N/A | G20: =G19-F19 -> -0.015716533 | H20: =H19-F19 -> -0.047246533 | I20: N/A | J20: =J19-I19 -> 0.0048526667 | K20: =K19-I19 -> -0.037718667
A21: Difference (SCR/PCR - NR) (ns per call) | C21: N/A | D21: =D20*1000 -> 4.1698667 | E21: =E20*1000 -> -37.112867 | F21: N/A | G21: =G20*1000 -> -15.716533 | H21: =H20*1000 -> -47.246533 | I21: N/A | J21: =J20*1000 -> 4.8526667 | K21: =K20*1000 -> -37.718667
A22: Estimated No. of Instructions Per VI Call | C22: =C19*1000*'Machine Details'!$B$3 -> 206.602 | D22: =D19*1000*'Machine Details'!$B$3 -> 219.1116 | E22: =E19*1000*'Machine Details'!$B$3 -> 95.2634 | F22: =F19*1000*'Machine Details'!$B$3 -> 438.5466 | G22: =G19*1000*'Machine Details'!$B$3 -> 391.397 | H22: =H19*1000*'Machine Details'!$B$3 -> 296.807 | I22: =I19*1000*'Machine Details'!$B$3 -> 2410.1208 | J22: =J19*1000*'Machine Details'!$B$3 -> 2424.6788 | K22: =K19*1000*'Machine Details'!$B$3 -> 2296.9648
A23: No. of CPU Instructions Saved Per VI Call | C23: N/A | D23: =ROUND($C$22,0)-ROUND(D22,0) -> -12 | E23: =ROUND($C$22,0)-ROUND(E22,0) -> 112 | F23: N/A | G23: =ROUND($F$22,0)-ROUND(G22,0) -> 48 | H23: =ROUND($F$22,0)-ROUND(H22,0) -> 142 | I23: N/A | J23: =ROUND($I$22,0)-ROUND(J22,0) -> -15 | K23: =ROUND($I$22,0)-ROUND(K22,0) -> 113
A24: CPU Instructions Saved Per VI Call (percent) | C24: N/A | D24: =D23/$C$22 -> -0.05808269 | E24: =E23/$C$22 -> 0.54210511 | F24: N/A | G24: =G23/$F$22 -> 0.10945245 | H24: =H23/$F$22 -> 0.32379683 | I24: N/A | J24: =J23/$I$22 -> -0.0062237544 | K24: =K23/$I$22 -> 0.046885617

Sheet Exp3
B1: Experiment 3
B2: No. | C2: Time to run 1M calls of NR VIs (chain of Simple and Medium) (seconds) | D2: Time to run 1M calls of SCR VIs (chain of Simple and Medium) (seconds) | E2: Time to run 1M calls of PCR VIs (chain of Simple and Medium) (seconds)
B3: 1 | C3: 0.165297 | D3: 0.168068 | E3: 0.106174
B4: 2 | C4: 0.164036 | D4: 0.167556 | E4: 0.1008
B5: 3 | C5: 0.165414 | D5: 0.170594 | E5: 0.121519
B6: 4 | C6: 0.162572 | D6: 0.158585 | E6: 0.104128
B7: 5 | C7: 0.168884 | D7: 0.170505 | E7: 0.112242
B8: 6 | C8: 0.168551 | D8: 0.163944 | E8: 0.115022
B9: 7 | C9: 0.162983 | D9: 0.16539 | E9: 0.104787
B10: 8 | C10: 0.161833 | D10: 0.167253 | E10: 0.105076
B11: 9 | C11: 0.162678 | D11: 0.16338 | E11: 0.110259
B12: 10 | C12: 0.167482 | D12: 0.15972 | E12: 0.132519
B13: 11 | C13: 0.165517 | D13: 0.170462 | E13: 0.109622
B14: 12 | C14: 0.164482 | D14: 0.161446 | E14: 0.11252
... B17: 15 | C17: 0.162532 | D17: 0.166774 | E17: 0.102698
A18: Avg (seconds per 1M iterations) | C18: =AVERAGE(Table14567[Time to run 1M calls of NR VIs (chain of Simple and Medium) (seconds)]) -> 0.16688853 | D18: =AVERAGE(Table14567[Time to run 1M calls of SCR VIs (chain of Simple and Medium) (seconds)]) -> 0.165211 | E18: =AVERAGE(Table14567[Time to run 1M calls of PCR VIs (chain of Simple and Medium) (seconds)]) -> 0.11317273
A19: Avg (us per iteration) | C19: =C18*1000000/1000000 -> 0.16688853 | D19: =D18*1000000/1000000 -> 0.165211 | E19: =E18*1000000/1000000 -> 0.11317273
A20: Difference (SCR/PCR - NR) (us per iteration) | C20: N/A | D20: =D19-C19 -> -0.0016775333 | E20: =E19-C19 -> -0.0537158 | F20: Predictions based on Experiment 2: A) Total number of CPU instructions per VI call: NR + NR = 207 + 439 = 646; SCR + SCR: 219 + 391 = 610; PCR + PCR: 95 + 297 = 392; B) No. of CPU instructions saved per VI call: NR + NR = N/A (reference); SCR + SCR = -12 + 48 = 36; PCR + PCR = 112 + 142 = 254;
A21: Difference (SCR/PCR - NR) (ns per iteration) | C21: N/A | D21: =D20*1000 -> -1.6775333 | E21: =E20*1000 -> -53.7158
A22: Estimated No. of Instructions Per Loop Iteration | C22: =C19*1000*'Machine Details'!$B$3 -> 500.6656 | D22: =D19*1000*'Machine Details'!$B$3 -> 495.633 | E22: =E19*1000*'Machine Details'!$B$3 -> 339.5182 | F22: 646 | G22: 610 | H22: 392
A23: No. of CPU Instructions Saved Per Loop Iteration | C23: N/A | D23: =ROUND($C$22,0)-ROUND(D22,0) -> 5 | E23: =ROUND($C$22,0)-ROUND(E22,0) -> 161 | F23: N/A | G23: 36 | H23: 254
A24: CPU Instructions Saved Per Loop Iteration (percent) | C24: N/A | D24: =D23/$C$22 -> 0.0099867057 | E24: =E23/$C$22 -> 0.32157192

Sheet Exp4
B1: Experiment 4
B2: No. | C2: Time to run 1M calls of NR VIs (seconds) | D2: Time to run 1M calls of SCR VIs (seconds) | E2: Time to run 1M calls of PCR VIs (seconds)
B3: 1 | C3: 0.821281 | D3: 0.820777 | E3: 0.722619
B4: 2 | C4: 0.825337 | D4: 0.822175 | E4: 0.723318
B5: 3 | C5: 0.852245 | D5: 0.82579 | E5: 0.720352
B6: 4 | C6: 0.851332 | D6: 0.820997 | E6: 0.747599
B7: 5 | C7: 0.823549 | D7: 0.862172 | E7: 0.761784
B8: 6 | C8: 0.826968 | D8: 0.87156 | E8: 0.720704
B9: 7 | C9: 0.82971 | D9: 0.816539 | E9: 0.728641
B10: 8 | C10: 0.823379 | D10: 0.859963 | E10: 0.743312
B11: 9 | C11: 0.826551 | D11: 0.870557 | E11: 0.718341
B12: 10 | C12: 0.865691 | D12: 0.81455 | E12: 0.722545
B13: 11 | C13: 0.834461 | D13: 0.820334 | E13: 0.723512
B14: 12 | C14: 0.827061 | D14: 0.819318 | E14: 0.729356
... B17: 15 | C17: 0.8641 | D17: 0.820361 | E17: 0.728314
A18: Avg (seconds per 1M iterations) | C18: =AVERAGE(Table145678[Time to run 1M calls of NR VIs (seconds)]) -> 0.83646807 | D18: =AVERAGE(Table145678[Time to run 1M calls of SCR VIs (seconds)]) -> 0.83669347 | E18: =AVERAGE(Table145678[Time to run 1M calls of PCR VIs (seconds)]) -> 0.72996247
A19: Avg (us per iteration) | C19: =C18*1000000/1000000 -> 0.83646807 | D19: =D18*1000000/1000000 -> 0.83669347 | E19: =E18*1000000/1000000 -> 0.72996247
A20: Difference (SCR/PCR - NR) (us per iteration) | C20: N/A | D20: =D19-C19 -> 0.0002254 | E20: =E19-C19 -> -0.1065056
A21: Difference (SCR/PCR - NR) (ns per iteration) | C21: N/A | D21: =D20*1000 -> 0.2254 | E21: =E20*1000 -> -106.5056
A22: Estimated No. of Instructions Per Loop Iteration | C22: =C19*1000*'Machine Details'!$B$3 -> 2509.4042 | D22: =D19*1000*'Machine Details'!$B$3 -> 2510.0804 | E22: =E19*1000*'Machine Details'!$B$3 -> 2189.8874
A23: No. of CPU Instructions Saved Per Loop Iteration | C23: N/A | D23: =ROUND($C$22,0)-ROUND(D22,0) -> -1 | E23: =ROUND($C$22,0)-ROUND(E22,0) -> 319
A24: CPU Instructions Saved Per Loop Iteration (percent) | C24: N/A | D24: =D23/$C$22 -> -0.00039850097 | E24: =E23/$C$22 -> 0.12712181

Sheet Exp5
B1: Experiment 5
B2: No. | C2: Time to run 1M calls of NR VIs (seconds) | D2: Time to run 1M calls of PCR VIs (seconds)
B3: 1 | C3: 4.08738 | D3: 3.551553
B4: 2 | C4: 4.210702 | D4: 3.66986
B5: 3 | C5: 4.080395 | D5: 3.709581
B6: 4 | C6: 4.241777 | D6: 3.855426
B7: 5 | C7: 4.257788 | D7: 3.919783
B8: 6 | C8: 4.208865 | D8: 3.675926
B9: 7 | C9: 4.238855 | D9: 3.647602
B10: 8 | C10: 4.230691 | D10: 3.730895
B11: 9 | C11: 4.244228 | D11: 3.676309
B12: 10 | C12: 4.263449 | D12: 3.662639
B13: 11 | C13: 4.225381 | D13: 3.863173
B14: 12 | C14: 4.343841 | D14: 3.934409
... B17: 15 | C17: 4.328922 | D17: 3.71876
A18: Avg (seconds per 1M iterations) | C18: =AVERAGE(Table1456789[Time to run 1M calls of NR VIs (seconds)]) -> 4.2399029 | D18: =AVERAGE(Table1456789[Time to run 1M calls of PCR VIs (seconds)]) -> 3.7495121
A19: Avg (us per iteration) | C19: =C18*1000000/1000000 -> 4.2399029 | D19: =D18*1000000/1000000 -> 3.7495121
A20: Difference (SCR/PCR - NR) (us per iteration) | C20: N/A | D20: =D19-C19 -> -0.49039087
A21: Difference (SCR/PCR - NR) (ns per iteration) | C21: N/A | D21: =D20*1000 -> -490.39087
A22: Estimated No. of Instructions Per Loop Iteration | C22: =C19*1000*'Machine Details'!$B$3 -> 12719.709 | D22: =D19*1000*'Machine Details'!$B$3 -> 11248.536
A23: No. of CPU Instructions Saved Per Loop Iteration | C23: N/A | D23: =ROUND($C$22,0)-ROUND(D22,0) -> 1471
A24: CPU Instructions Saved Per Loop Iteration (percent) | C24: N/A | D24: =D23/$C$22 -> 0.1156473

Sheet Exp6
B1: Experiment 6
B2: No. | C2: Time to run 1M calls of NR DBG OFF VIs (seconds) | D2: Time to run 1M calls of PCR DBG OFF VIs (seconds) | E2: Time to run 1M calls of PCR DBG OFF INLN VIs (seconds) | F2: Time to run 1M calls of PCR SBRTN VIs (seconds)
B3: 1 | C3: 3.96038 | D3: 3.4778 | E3: 3.605138 | F3: 3.690511
B4: 2 | C4: 4.275892 | D4: 3.766719 | E4: 3.729604 | F4: 3.61651
B5: 3 | C5: 4.038403 | D5: 3.796842 | E5: 3.541173 | F5: 4.104378
B6: 4 | C6: 4.107834 | D6: 3.857872 | E6: 3.984263 | F6: 3.477472
B7: 5 | C7: 4.674286 | D7: 3.744022 | E7: 3.615348 | F7: 3.668778
B8: 6 | C8: 4.490007 | D8: 3.526475 | E8: 3.487181 | F8: 3.910332
B9: 7 | C9: 4.012537 | D9: 3.653177 | E9: 3.48637 | F9: 3.650847
B10: 8 | C10: 4.223145 | D10: 4.052267 | E10: 3.577834 | F10: 3.854219
B11: 9 | C11: 4.178258 | D11: 3.714462 | E11: 3.688306 | F11: 3.784613
B12: 10 | C12: 4.254147 | D12: 3.637799 | E12: 3.511616 | F12: 3.655502
A13: Avg (seconds per 1M iterations) | C13: =AVERAGE(Table145678910[Time to run 1M calls of NR DBG OFF VIs (seconds)]) -> 4.2214889 | D13: =AVERAGE(Table145678910[Time to run 1M calls of PCR DBG OFF VIs (seconds)]) -> 3.7227435 | E13: =AVERAGE(Table145678910[Time to run 1M calls of PCR DBG OFF INLN VIs (seconds)]) -> 3.6226833 | F13: =AVERAGE(Table145678910[Time to run 1M calls of PCR SBRTN VIs (seconds)]) -> 3.7413162 | H13: From Experiment 5 ("Allow debugging" On)
A14: Avg (us per iteration) | C14: =C13*1000000/1000000 -> 4.2214889 | D14: =D13*1000000/1000000 -> 3.7227435 | E14: =E13*1000000/1000000 -> 3.6226833 | F14: =F13*1000000/1000000 -> 3.7413162 | H14: 4.2399029 | I14: 3.7495121 | J14: Effect of turning Inline on for PCR VIs | L14: Effect of turning Subroutine on for PCR VIs
A15: Difference (SCR/PCR - NR) (us per iteration) | C15: N/A | D15: =D14-C14 -> -0.4987454 | G15: Reduction when DBG OFF (us) | H15: =H14-C14 -> 0.018414033 | I15: =I14-D14 -> 0.026768567 | J15: Reduction (us) | K15: =D14-E14 -> 0.1000602 | L15: TBD. Slight performance decrease. To be repeated.
A16: Difference (SCR/PCR - NR) (ns per iteration) | C16: N/A | D16: =D15*1000 -> -498.7454 | G16: Reduction when DBG OFF (%) | H16: =H15/H14 -> 0.0043430318 | I16: =I15/I14 -> 0.0071392134 | J16: Reduction (%) | K16: =K15/D14 -> 0.026878081
A17: Estimated No. of Instructions Per Loop Iteration | C17: =C14*1000*'Machine Details'!$B$3 -> 12664.467 | D17: =D14*1000*'Machine Details'!$B$3 -> 11168.23
A18: No. of CPU Instructions Saved Per Loop Iteration | C18: N/A | D18: =ROUND($C$17,0)-ROUND(D17,0) -> 1496
A19: CPU Instructions Saved Per Loop Iteration (percent) | C19: N/A | D19: =D18/$C$17 -> 0.11812578

Sheet Exp6 (rerun)
B1: Experiment 6
B2: No. | C2: Time to run 1M calls of NR DBG OFF VIs (seconds) | D2: Time to run 1M calls of PCR DBG OFF VIs (seconds) | E2: Time to run 1M calls of PCR DBG OFF INLN VIs (seconds) | F2: Time to run 1M calls of PCR SBRTN VIs (seconds)
B3: 1 | C3: 4.095768 | D3: 3.920875 | E3: 3.69789 | F3: 3.590918
B4: 2 | C4: 4.494904 | D4: 3.597574 | E4: 3.380239 | F4: 3.648729
B5: 3 | C5: 4.13228 | D5: 3.908174 | E5: 3.342775 | F5: 3.657111
B6: 4 | C6: 4.333219 | D6: 4.009088 | E6: 3.43557 | F6: 3.665399
B7: 5 | C7: 4.350203 | D7: 3.634688 | E7: 3.655576 | F7: 3.59619
B8: 6 | C8: 4.11473 | D8: 3.58799 | E8: 3.378638 | F8: 3.629749
B9: 7 | C9: 4.134786 | D9: 3.594828 | E9: 3.810212 | F9: 4.018614
B10: 8 | C10: 4.153629 | D10: 3.5584 | E10: 3.616552 | F10: 3.642988
B11: 9 | C11: 4.179788 | D11: 3.918883 | E11: 3.618999 | F11: 3.647603
B12: 10 | C12: 4.139433 | D12: 3.809839 | E12: 3.436042 | F12: 3.853759
A13: Avg (seconds per 1M iterations) | C13: =AVERAGE(Table1456789102[Time to run 1M calls of NR DBG OFF VIs (seconds)]) -> 4.212874 | D13: =AVERAGE(Table1456789102[Time to run 1M calls of PCR DBG OFF VIs (seconds)]) -> 3.7540339 | E13: =AVERAGE(Table1456789102[Time to run 1M calls of PCR DBG OFF INLN VIs (seconds)]) -> 3.5372493 | F13: =AVERAGE(Table1456789102[Time to run 1M calls of PCR SBRTN VIs (seconds)]) -> 3.695106 | H13: From Experiment 5 ("Allow debugging" On)
A14: Avg (us per iteration) | C14: =C13*1000000/1000000 -> 4.212874 | D14: =D13*1000000/1000000 -> 3.7540339 | E14: =E13*1000000/1000000 -> 3.5372493 | F14: =F13*1000000/1000000 -> 3.695106 | H14: 4.2399029 | I14: 3.7495121 | J14: Effect of turning Inline on for PCR VIs | L14: Effect of turning Subroutine on for PCR VIs
A15: Difference (SCR/PCR - NR) (us per iteration) | C15: N/A | D15: =D14-C14 -> -0.4588401 | G15: Reduction when DBG OFF (us) | H15: =H14-C14 -> 0.027028933 | I15: =I14-D14 -> -0.0045218333 | J15: Reduction (us) | K15: =D14-E14 -> 0.2167846 | L15: Reduction (us) | M15: =D14-F14 -> 0.0589279
A16: Difference (SCR/PCR - NR) (ns per iteration) | C16: N/A | D16: =D15*1000 -> -458.8401 | G16: Reduction when DBG OFF (%) | H16: =H15/H14 -> 0.0063748944 | I16: =I15/I14 -> -0.0012059791 | J16: Reduction (%) | K16: =K15/D14 -> 0.057747108 | L16: Reduction (%) | M16: =M15/D14 -> 0.015697221
A17: Estimated No. of Instructions Per Loop Iteration | C17: =C14*1000*'Machine Details'!$B$3 -> 12638.622 | D17: =D14*1000*'Machine Details'!$B$3 -> 11262.102 | L17: Subroutine is less performant than inline by this much | M17: =(E14-F14)/E14 -> -0.044626965
A18: No. of CPU Instructions Saved Per Loop Iteration | C18: N/A | D18: =ROUND($C$17,0)-ROUND(D17,0) -> 1377
A19: CPU Instructions Saved Per Loop Iteration (percent) | C19: N/A | D19: =D18/$C$17 -> 0.10895175

Sheet Exp7
B1: Experiment 7
B2: No. | C2: No. Of Iterations Executed - NR VIs - One Loop | D2: No. Of Iterations Executed - NR VIs - Two Loops | E2: No. Of Iterations Executed - NR VIs - Four Loops | F2: No. Of Iterations Executed - SCR VIs - One Loop | G2: No. Of Iterations Executed - SCR VIs - Two Loops | H2: No. Of Iterations Executed - SCR VIs - Four Loops | I2: No. Of Iterations Executed - PCR VIs - One Loop | J2: No. Of Iterations Executed - PCR VIs - Two Loops | K2: No. Of Iterations Executed - PCR VIs - Four Loops | L2: No. Of Iterations Executed - PCR + SBRTN VIs - One Loop | M2: No. Of Iterations Executed - PCR + SBRTN VIs - Two Loops | N2: No. Of Iterations Executed - PCR + SBRTN VIs - Four Loops | O2: No. Of Iterations Executed - PCR + INLN VIs - One Loop | P2: No. Of Iterations Executed - PCR + INLN VIs - Two Loops | Q2: No. Of Iterations Executed - PCR + INLN VIs - Four Loops
B3: 1 | C3: 2519512 | D3: 661961 | E3: 319940 | F3: 2489299 | G3: 1812673 | H3: 1291538 | I3: 2832228 | J3: 2786143.5 | K3: 2190395 | L3: 2920310 | M3: 2840622 | N3: 2560713.8 | O3: 3024636 | P3: 3046766.5 | Q3: 2767462
B4: 2 | C4: 2516594 | D4: 671589 | E4: 295073 | F4: 2453654 | G4: 1802718 | H4: 1313160.2 | I4: 2807671 | J4: 2545010.5 | K4: 2221798.5 | L4: 2750044 | M4: 2604215 | N4: 2562493.2 | O4: 2968258 | P4: 2917429 | Q4: 2766646.5
B5: 3 | C5: 2516594 | D5: 603573 | E5: 312654 | F5: 2494426 | G5: 1771046 | H5: 1347294.8 | I5: 2684938 | J5: 2435640 | K5: 2197518.5 | L5: 2618353 | M5: 2722852 | N5: 2565710.5 | O5: 3021813 | P5: 3006191.5 | Q5: 2775365.5
B6: 4 | C6: 2239771 | D6: 597038 | E6: 281858 | F6: 2241079 | G6: 1721480 | H6: 1300268 | I6: 2840643 | J6: 2503089.5 | K6: 2200997.5 | L6: 2818196 | M6: 2416324.5 | N6: 2544383 | O6: 3043026 | P6: 2962788 | Q6: 2786444.2
B7: 5 | C7: 2480680 | D7: 604739 | E7: 276390 | F7: 2397781 | G7: 1803361 | H7: 1342010 | I7: 2834223 | J7: 2581418.5 | K7: 2208522.8 | L7: 2892091 | M7: 2565614 | N7: 2574879 | O7: 3030470 | P7: 2877513.5 | Q7: 2761441.2
A8: Avg no. of iterations | C8: =AVERAGE(Table14567891023[No. Of Iterations Executed - NR VIs - One Loop]) -> 2454630.2 | D8: =AVERAGE(Table14567891023[No. Of Iterations Executed - NR VIs - Two Loops]) -> 627780 | E8: =AVERAGE(Table14567891023[No. Of Iterations Executed - NR VIs - Four Loops]) -> 297183 | F8: =AVERAGE(Table14567891023[No. Of Iterations Executed - SCR VIs - One Loop]) -> 2415247.8 | G8: =AVERAGE(Table14567891023[No. Of Iterations Executed - SCR VIs - Two Loops]) -> 1782255.6 | H8: =AVERAGE(Table14567891023[No. Of Iterations Executed - SCR VIs - Four Loops]) -> 1318854.2 | I8: =AVERAGE(Table14567891023[No. Of Iterations Executed - PCR VIs - One Loop]) -> 2799940.6 | J8: =AVERAGE(Table14567891023[No. Of Iterations Executed - PCR VIs - Two Loops]) -> 2570260.4 | K8: =AVERAGE(Table14567891023[No. Of Iterations Executed - PCR VIs - Four Loops]) -> 2203846.5 | L8: =AVERAGE(Table14567891023[No. Of Iterations Executed - PCR + SBRTN VIs - One Loop]) -> 2799798.8 | M8: =AVERAGE(Table14567891023[No. Of Iterations Executed - PCR + SBRTN VIs - Two Loops]) -> 2629925.5 | N8: =AVERAGE(Table14567891023[No. Of Iterations Executed - PCR + SBRTN VIs - Four Loops]) -> 2561635.9 | O8: =AVERAGE(Table14567891023[No. Of Iterations Executed - PCR + INLN VIs - One Loop]) -> 3017640.6 | P8: =AVERAGE(Table14567891023[No. Of Iterations Executed - PCR + INLN VIs - Two Loops]) -> 2962137.7 | Q8: =AVERAGE(Table14567891023[No. Of Iterations Executed - PCR + INLN VIs - Four Loops]) -> 2771471.9
C9: NR VIs | F9: SCR VIs | I9: PCR VIs (DBG ON) | L9: PCR VIs (DBG OFF + Subroutine) | O9: PCR VIs (DBG OFF + Inline)
A11: Avg no. of iterations for NR VIs across 1, 2, 4 loops | C11: =AVERAGE(C8:E8) -> 1126531.1 | D11: N/A
A12: Avg no. of iterations for SCR VIs across 1, 2, 4 loops | C12: =AVERAGE(F8:H8) -> 1838785.9 | D12: =(C12/$C$11)-1 -> 0.63225491 | E12: =(C12/$C$11) -> 1.6322549 | F12: Performance increase w.r.t. NR
A13: Avg no. of iterations for PCR VIs DBG ON across 1, 2, 4 loops | C13: =AVERAGE(I8:K8) -> 2524682.5 | D13: =(C13/$C$11)-1 -> 1.2411122 | E13: =(C13/$C$11) -> 2.2411122
A14: Avg no. of iterations for PCR VIs Subroutine across 1, 2, 4 loops | C14: =AVERAGE(L8:N8) -> 2663786.7 | D14: =(C14/$C$11)-1 -> 1.3645923 | E14: =(C14/$C$11) -> 2.3645923
A15: Avg no. of iterations for PCR VIs Subroutine across 1, 2, 4 loops | C15: =AVERAGE(O8:Q8) -> 2917083.4 | D15: =(C15/$C$11)-1 -> 1.5894389 | E15: =(C15/$C$11) -> 2.5894389

Sheet Exp7 (rerun with C=10)
B1: Experiment 7 (rerun with Compiler setting set to 10 out of 10)
B2: No. | C2: No. Of Iterations Executed - PCR + SBRTN VIs - One Loop | D2: No. Of Iterations Executed - PCR + SBRTN VIs - Two Loops | E2: No. Of Iterations Executed - PCR + SBRTN VIs - Four Loops | F2: No. Of Iterations Executed - PCR + INLN VIs - One Loop | G2: No. Of Iterations Executed - PCR + INLN VIs - Two Loops | H2: No. Of Iterations Executed - PCR + INLN VIs - Four Loops | I2: No. Of Iterations Executed - PCR + SBRTN VIs - Four Loops (EXE) | J2: No. Of Iterations Executed - PCR + INLN VIs - Four Loops (EXE)
B3: 1 | C3: 2921522 | D3: 2899873.5 | E3: 2671050.5 | F3: 3059830 | G3: 3046711 | H3: 2761482.2 | I3: 2671435.8 | J3: 2807132.2
B4: 2 | C4: 2907960 | D4: 2907366.5 | E4: 2642273.2 | F4: 2989816 | G4: 3044733.5 | H4: 2863444 | I4: 2686580.8 | J4: 2851979.5
B5: 3 | C5: 2868757 | D5: 2811685 | E5: 2686058.8 | F5: 3073643 | G5: 2945875.5 | H5: 2839418.8 | I5: 2694690.2 | J5: 2805144.5
B6: 4 | C6: 2907656 | D6: 2856627.5 | E6: 2671002 | F6: 3069427 | G6: 3023293 | H6: 2820222.5 | I6: 2643428.5 | J6: 2833177.5
B7: 5 | C7: 2911904 | D7: 2883803.5 | E7: 2600095 | F7: 3044035 | G7: 3044111 | H7: 2817586 | I7: 2641206.8 | J7: 2855805.2
A8: Avg no. of iterations | C8: =AVERAGE(Table145678910234[No. Of Iterations Executed - PCR + SBRTN VIs - One Loop]) -> 2903559.8 | D8: =AVERAGE(Table145678910234[No. Of Iterations Executed - PCR + SBRTN VIs - Two Loops]) -> 2871871.2 | E8: =AVERAGE(Table145678910234[No. Of Iterations Executed - PCR + SBRTN VIs - Four Loops]) -> 2654095.9 | F8: =AVERAGE(Table145678910234[No. Of Iterations Executed - PCR + INLN VIs - One Loop]) -> 3047350.2 | G8: =AVERAGE(Table145678910234[No. Of Iterations Executed - PCR + INLN VIs - Two Loops]) -> 3020944.8 | H8: =AVERAGE(Table145678910234[No. Of Iterations Executed - PCR + INLN VIs - Four Loops]) -> 2820430.7 | I8: =AVERAGE(Table145678910234[No. Of Iterations Executed - PCR + SBRTN VIs - Four Loops (EXE)]) -> 2667468.4 | J8: =AVERAGE(Table145678910234[No. Of Iterations Executed - PCR + INLN VIs - Four Loops (EXE)]) -> 2830647.8
C9: PCR VIs (DBG OFF + Subroutine) | F9: PCR VIs (DBG OFF + Inline) | I9: PCR VIs (DBG OFF + Subroutine), EXE | J9: PCR VIs (DBG OFF + Inline), EXE
A10: Performance Increase of Inline w.r.t. Subroutine - One Loop - Dev Env (%) | C10: =(F8/C8)-1 -> 0.049522107
A11: Performance Increase of Inline w.r.t. Subroutine - Two Loops - Dev Env (%) | C11: =(G8/D8)-1 -> 0.051908177
A12: Performance Increase of Inline w.r.t. Subroutine - Four Loops - Dev Env (%) | C12: =(H8/E8)-1 -> 0.062670983
A13: Performance Increase of Inline w.r.t. Subroutine - Four Loops - EXE (%) | C13: =(J8/I8)-1 -> 0.061173868

Sheet Exp12-EXE File Size
B1: Experiment 12 - EXE File Size
B2: No. | C2: File Size of "Experiment 12.exe" when using subroutine VIs (bytes) | D2: File Size of "Experiment 12.exe" when using inline VIs (bytes)
B3: 1 | C3: 247808 | D3: 274432
B4: 2 | C4: 247808 | D4: 274432
B5: 3 | C5: 247808 | D5: 274432
A6: Avg EXE File Size (bytes) | C6: =AVERAGE(Table14567891023411[File Size of "Experiment 12.exe" when using subroutine VIs (bytes)]) -> 247808 | D6: =AVERAGE(Table14567891023411[File Size of "Experiment 12.exe" when using inline VIs (bytes)]) -> 274432
A7: Avg EXE File Size (KB) | C7: =C6/1024 -> 242 | D7: =D6/1024 -> 268
A8: Size Difference (bytes) | C8: N/A | D8: =D6-C6 -> 26624
A9: Size Difference (KB) | C9: N/A | D9: =D7-C7 -> 26
A10: Size Difference (%) | C10: N/A | D10: =D8/C6 -> 0.10743802
A11: No. Of SubVI Instances Per Loop | C11: 5
A12: No. Of Different SubVIs | C12: 3
A13: No. Of Loops | C13: 10
A14: Total Number Of SubVI Call Locations | C14: =C11*C12*C13 -> 150
A15: Size Difference Per Call Location (bytes per call location) | C15: =D8/C14 -> 177.49333

Sheet Exp12-Variability
B1: Experiment 12.vi with subroutine VIs (DDS "Case 1: Subroutines")
B2: No. | C2: No. Of Iterations Block Of Text - Run 1 | D2: No. Of Iterations Block Of Text - Run 2 | E2: No. Of Iterations Block Of Text - Run 3 | F2: No. Of Iterations Block Of Text - Run 4 | G2: No. Of Iterations Block Of Text - Run 5 | H2: No. Of Iterations Block Of Text - Run 6 | I2: No. Of Iterations Block Of Text - Run 7 | J2: No. Of Iterations Block Of Text - Run 8 | K2: No. Of Iterations Block Of Text - Run 9 | L2: No. Of Iterations Block Of Text - Run 10
B3: 1 | C3: 321034 | D3: 333909 | E3: 343149 | F3: 329195 | G3: 278295 | H3: 322368 | I3: 331302 | J3: 299830 | K3: 325419 | L3: 351392
B4: 2 | C4: 340260 | D4: 315211 | E4: 283497 | F4: 338195 | G4: 298388 | H4: 343964 | I4: 335369 | J4: 327230 | K4: 293451 | L4: 315213
B5: 3 | C5: 299273 | D5: 281798 | E5: 315728 | F5: 282783 | G5: 261704 | H5: 356843 | I5: 313580 | J5: 360615 | K5: 309086 | L5: 328574
B6: 4 | C6: 340869 | D6: 351502 | E6: 298030 | F6: 325886 | G6: 277348 | H6: 352658 | I6: 314572 | J6: 326317 | K6: 320964 | L6: 316550
B7: 5 | C7: 284746 | D7: 322565 | E7: 357978 | F7: 306215 | G7: 258985 | H7: 351251 | I7: 346493 | J7: 306214 | K7: 336371 | L7: 286490
B8: 6 | C8: 306618 | D8: 287592 | E8: 298008 | F8: 321659 | G8: 284977 | H8: 314006 | I8: 307891 | J8: 360111 | K8: 328778 | L8: 296003
B9: 7 | C9: 359847 | D9: 313521 | E9: 334240 | F9: 327935 | G9: 271104 | H9: 317131 | I9: 342668 | J9: 318223 | K9: 320994 | L9: 322622
B10: 8 | C10: 350140 | D10: 292169 | E10: 323991 | F10: 304954 | G10: 324144 | H10: 329597 | I10: 379275 | J10: 331406 | K10: 321068 | L10: 345853
B11: 9 | C11: 325490 | D11: 318528 | E11: 352810 | F11: 352060 | G11: 332786 | H11: 308099 | I11: 349039 | J11: 343918 | K11: 322589 | L11: 348974
B12: 10 | C12: 334493 | D12: 333276 | E12: 363937 | F12: 342661 | G12: 288420 | H12: 314528 | I12: 341067 | J12: 341548 | K12: 328782 | L12: 314765
A13: Avg No. Of Iterations | C13: =AVERAGE(Table1456789102341112[No. Of Iterations Block Of Text - Run 1]) -> 326277 | D13: =AVERAGE(Table1456789102341112[No. Of Iterations Block Of Text - Run 2]) -> 315007.1 | E13: =AVERAGE(Table1456789102341112[No. Of Iterations Block Of Text - Run 3]) -> 327136.8 | F13: =AVERAGE(Table1456789102341112[No. Of Iterations Block Of Text - Run 4]) -> 323154.3 | G13: =AVERAGE(Table1456789102341112[No. Of Iterations Block Of Text - Run 5]) -> 287615.1 | H13: =AVERAGE(Table1456789102341112[No. Of Iterations Block Of Text - Run 6]) -> 331044.5 | I13: =AVERAGE(Table1456789102341112[No. Of Iterations Block Of Text - Run 7]) -> 336125.6 | J13: =AVERAGE(Table1456789102341112[No. Of Iterations Block Of Text - Run 8]) -> 331541.2 | K13: =AVERAGE(Table1456789102341112[No. Of Iterations Block Of Text - Run 9]) -> 320750.2 | L13: =AVERAGE(Table1456789102341112[No. Of Iterations Block Of Text - Run 10]) -> 322643.6
A14: Min No. Of Iterations | C14: =MIN(Table1456789102341112[No. Of Iterations Block Of Text - Run 1]) -> 284746 | D14: =MIN(Table1456789102341112[No. Of Iterations Block Of Text - Run 2]) -> 281798 | E14: =MIN(Table1456789102341112[No. Of Iterations Block Of Text - Run 3]) -> 283497 | F14: =MIN(Table1456789102341112[No. Of Iterations Block Of Text - Run 4]) -> 282783 | G14: =MIN(Table1456789102341112[No. Of Iterations Block Of Text - Run 5]) -> 258985 | H14: =MIN(Table1456789102341112[No. Of Iterations Block Of Text - Run 6]) -> 308099 | I14: =MIN(Table1456789102341112[No. Of Iterations Block Of Text - Run 7]) -> 307891 | J14: =MIN(Table1456789102341112[No. Of Iterations Block Of Text - Run 8]) -> 299830 | K14: =MIN(Table1456789102341112[No. Of Iterations Block Of Text - Run 9]) -> 293451 | L14: =MIN(Table1456789102341112[No. Of Iterations Block Of Text - Run 10]) -> 286490
A15: Max No. Of Iterations | C15: =MAX(Table1456789102341112[No. Of Iterations Block Of Text - Run 1]) -> 359847 | D15: =MAX(Table1456789102341112[No. Of Iterations Block Of Text - Run 2]) -> 351502 | E15: =MAX(Table1456789102341112[No. Of Iterations Block Of Text - Run 3]) -> 363937 | F15: =MAX(Table1456789102341112[No. Of Iterations Block Of Text - Run 4]) -> 352060 | G15: =MAX(Table1456789102341112[No. Of Iterations Block Of Text - Run 5]) -> 332786 | H15: =MAX(Table1456789102341112[No. Of Iterations Block Of Text - Run 6]) -> 356843 | I15: =MAX(Table1456789102341112[No. Of Iterations Block Of Text - Run 7]) -> 379275 | J15: =MAX(Table1456789102341112[No. Of Iterations Block Of Text - Run 8]) -> 360615 | K15: =MAX(Table1456789102341112[No. Of Iterations Block Of Text - Run 9]) -> 336371 | L15: =MAX(Table1456789102341112[No. Of Iterations Block Of Text - Run 10]) -> 351392
A16: Range (Max - Min) | C16: =C15-C14 -> 75101 | D16: =D15-D14 -> 69704 | E16: =E15-E14 -> 80440 | F16: =F15-F14 -> 69277 | G16: =G15-G14 -> 73801 | H16: =H15-H14 -> 48744 | I16: =I15-I14 -> 71384 | J16: =J15-J14 -> 60785 | ... L16: =L15-L14 -> 64902
A17: Range (percentage of Min) | C17: =C16/C14 -> 0.26374734 | D17: =D16/D14 -> 0.24735449 | E17: =E16/E14 -> 0.28374198 | F17: =F16/F14 -> 0.2449829 | G17: =G16/G14 -> 0.28496245 | H17: =H16/H14 -> 0.15820889 | I17: =I16/I14 -> 0.23184828 | J17: =J16/J14 -> 0.20273155 | ... L17: =L16/L14 -> 0.22654194
A18: Smallest Range (Tightest Execution) (%) | C18: =MIN(C17:L17) -> 0.14625951
A19: Largest Range (Loosest Execution) (%) | C19: =MAX(C17:L17) -> 0.28496245
A20: Average Range (%) | C20: =AVERAGE(C17:L17) -> 0.22903793
A21: Overall Average No. Of Iterations | C21: =AVERAGE(C13:L13) -> 322129.54
B23: Experiment 12.vi with inline VIs (DDS "Case 2: Inline VIs")
B24: No. | C24: No. Of Iterations Block Of Text - Run 1 | D24: No. Of Iterations Block Of Text - Run 2 | E24: No. Of Iterations Block Of Text - Run 3 | F24: No. Of Iterations Block Of Text - Run 4 | G24: No. Of Iterations Block Of Text - Run 5 | H24: No. Of Iterations Block Of Text - Run 6 | I24: No. Of Iterations Block Of Text - Run 7 | J24: No. Of Iterations Block Of Text - Run 8 | K24: No. Of Iterations Block Of Text - Run 9 | L24: No. Of Iterations Block Of Text - Run 10
B25: 1 | C25: 346198 | D25: 350676 | E25: 368058 | F25: 368692 | G25: 310634 | H25: 350036 | I25: 340453 | J25: 334691 | K25: 329256 | L25: 346833
B26: 2 | C26: 358183 | D26: 368940 | E26: 341577 | F26: 326910 | G26: 384460 | H26: 355559 | I26: 287918 | J26: 316965 | K26: 351950 | L26: 357143
B27: 3 | C27: 362710 | D27: 343214 | E27: 341189 | F27: 325675 | G27: 341051 | H27: 330557 | I27: 355159 | J27: 354602 | K27: 352898 | L27: 347299
B28: 4 | C28: 352338 | D28: 358751 | E28: 371419 | F28: 336583 | G28: 353230 | H28: 365816 | I28: 353083 | J28: 328661 | K28: 356582 | L28: 358697
B29: 5 | C29: 338940 | D29: 388675 | E29: 389228 | F29: 349658 | G29: 351159 | H29: 362532 | I29: 363668 | J29: 363108 | K29: 384589 | L29: 360046
B30: 6 | C30: 308097 | D30: 351028 | E30: 356922 | F30: 333545 | G30: 365832 | H30: 381199 | I30: 358274 | J30: 366776 | K30: 370955 | L30: 381612
B31: 7 | C31: 333316 | D31: 352568 | E31: 390909 | F31: 370125 | G31: 372786 | H31: 359096 | I31: 372895 | J31: 357183 | K31: 355098 | L31: 329225
B32: 8 | C32: 360032 | D32: 365103 | E32: 377851 | F32: 389873 | G32: 370531 | H32: 327544 | I32: 356351 | J32: 379764 | K32: 332880 | L32: 368757
B33: 9 | C33: 358505 | D33: 314058 | E33: 283908 | F33: 340132 | G33: 347979 | H33: 361870 | I33: 355064 | J33: 330701 | K33: 343305 | L33: 336417
B34: 10 | C34: 385768 | D34: 378125 | E34: 383860 | F34: 364563 | G34: 334262 | H34: 358600 | I34: 372372 | J34: 371570 | K34: 282415 | L34: 322104
A35: Avg No. Of Iterations | C35: =AVERAGE(Table145678910234111213[No. Of Iterations Block Of Text - Run 1]) -> 350408.7 | D35: =AVERAGE(Table145678910234111213[No. Of Iterations Block Of Text - Run 2]) -> 357113.8 | E35: =AVERAGE(Table145678910234111213[No. Of Iterations Block Of Text - Run 3]) -> 360492.1 | F35: =AVERAGE(Table145678910234111213[No. Of Iterations Block Of Text - Run 4]) -> 350575.6 | G35: =AVERAGE(Table145678910234111213[No. Of Iterations Block Of Text - Run 5]) -> 353192.4 | H35: =AVERAGE(Table145678910234111213[No. Of Iterations Block Of Text - Run 6]) -> 355280.9 | I35: =AVERAGE(Table145678910234111213[No. Of Iterations Block Of Text - Run 7]) -> 351523.7 | J35: =AVERAGE(Table145678910234111213[No. Of Iterations Block Of Text - Run 8]) -> 350402.1 | K35: =AVERAGE(Table145678910234111213[No. Of Iterations Block Of Text - Run 9]) -> 345992.8 | L35: =AVERAGE(Table145678910234111213[No. Of Iterations Block Of Text - Run 10]) -> 350813.3
A36: Min No. Of Iterations | C36: =MIN(Table145678910234111213[No. Of Iterations Block Of Text - Run 1]) -> 308097 | D36: =MIN(Table145678910234111213[No. Of Iterations Block Of Text - Run 2]) -> 314058 | E36: =MIN(Table145678910234111213[No. Of Iterations Block Of Text - Run 3]) -> 283908 | F36: =MIN(Table145678910234111213[No. Of Iterations Block Of Text - Run 4]) -> 325675 | G36: =MIN(Table145678910234111213[No. Of Iterations Block Of Text - Run 5]) -> 310634 | H36: =MIN(Table145678910234111213[No. Of Iterations Block Of Text - Run 6]) -> 327544 | I36: =MIN(Table145678910234111213[No. Of Iterations Block Of Text - Run 7]) -> 287918 | J36: =MIN(Table145678910234111213[No. Of Iterations Block Of Text - Run 8]) -> 316965 | K36: =MIN(Table145678910234111213[No. Of Iterations Block Of Text - Run 9]) -> 282415 | L36: =MIN(Table145678910234111213[No. Of Iterations Block Of Text - Run 10]) -> 322104
A37: Max No. Of Iterations | C37: =MAX(Table145678910234111213[No. Of Iterations Block Of Text - Run 1]) -> 385768 | D37: =MAX(Table145678910234111213[No. Of Iterations Block Of Text - Run 2]) -> 388675 | E37: =MAX(Table145678910234111213[No. Of Iterations Block Of Text - Run 3]) -> 390909 | F37: =MAX(Table145678910234111213[No. Of Iterations Block Of Text - Run 4]) -> 389873 | G37: =MAX(Table145678910234111213[No. Of Iterations Block Of Text - Run 5]) -> 384460 | H37: =MAX(Table145678910234111213[No. Of Iterations Block Of Text - Run 6]) -> 381199 | I37: =MAX(Table145678910234111213[No. Of Iterations Block Of Text - Run 7]) -> 372895 | J37: =MAX(Table145678910234111213[No. Of Iterations Block Of Text - Run 8]) -> 379764 | K37: =MAX(Table145678910234111213[No. Of Iterations Block Of Text - Run 9]) -> 384589 | L37: =MAX(Table145678910234111213[No. Of Iterations Block Of Text - Run 10]) -> 381612
A38: Range (Max - Min) | C38: =C37-C36 -> 77671 | D38: =D37-D36 -> 74617 | E38: =E37-E36 -> 107001 | F38: =F37-F36 -> 64198 | G38: =G37-G36 -> 73826 | H38: =H37-H36 -> 53655 | I38: =I37-I36 -> 84977 | J38: =J37-J36 -> 62799 | ... L38: =L37-L36 -> 59508
A39: Range (percentage of Min) | C39: =C38/C36 -> 0.25209918 | D39: =D38/D36 -> 0.23758987 | E39: =E38/E36 -> 0.37688617 | F39: =F38/F36 -> 0.1971229 | G39: =G38/G36 -> 0.23766233 | H39: =H38/H36 -> 0.16381005 | I39: =I38/I36 -> 0.29514306 | J39: =J38/J36 -> 0.19812598 | ... L39: =L38/L36 -> 0.18474778
A40: Smallest Range (Tightest Execution) (%) | C40: =MIN(C39:L39) -> 0.16381005
A41: Largest Range (Loosest Execution) (%) | C41: =MAX(C39:L39) -> 0.37688617
A42: Average Range (%) | C42: =AVERAGE(C39:L39) -> 0.25049741
A43: Overall Average No. Of Iterations | C43: =AVERAGE(C35:L35) -> 352579.54

Sheet Exp13
B1: Experiment 13.vi with subroutine VIs (DDS "Case 1: Subroutines")
B2: No. | C2: No. Of Iterations Block Of Text - Run 1 | D2: No. Of Iterations Block Of Text - Run 2 | E2: No. Of Iterations Block Of Text - Run 3 | F2: No. Of Iterations Block Of Text - Run 4 | G2: No. Of Iterations Block Of Text - Run 5 | H2: No. Of Iterations Block Of Text - Run 6 | I2: No. Of Iterations Block Of Text - Run 7 | J2: No. Of Iterations Block Of Text - Run 8 | K2: No. Of Iterations Block Of Text - Run 9 | L2: No. Of Iterations Block Of Text - Run 10
B3: 1 | C3: 524242 | D3: 518321 | E3: 521272 | F3: 519023 | G3: 519462 | H3: 525795 | I3: 526209 | J3: 511149 | K3: 503591 | L3: 532234
B4: 2 | C4: 534469 | D4: 519558 | E4: 525659 | F4: 514189 | G4: 529572 | H4: 527506 | I4: 521384 | J4: 520775 | K4: 537787 | L4: 526196
B5: 3 | C5: 516906 | D5: 534085 | E5: 535203 | F5: 529521 | G5: 532209 | H5: 525251 | I5: 526820 | J5: 514997 | K5: 541155 | L5: 526993
B6: 4 | C6: 514581 | D6: 535467 | E6: 519300 | F6: 511111 | G6: 524093 | H6: 524537 | I6: 522246 | J6: 512508 | K6: 500735 | L6: 523771
A7: Avg No. Of Iterations | C7: =AVERAGE(Table145678910234111214[No. Of Iterations Block Of Text - Run 1]) -> 522549.5 | D7: =AVERAGE(Table145678910234111214[No. Of Iterations Block Of Text - Run 2]) -> 526857.75 | E7: =AVERAGE(Table145678910234111214[No. Of Iterations Block Of Text - Run 3]) -> 525358.5 | F7: =AVERAGE(Table145678910234111214[No. Of Iterations Block Of Text - Run 4]) -> 518461 | G7: =AVERAGE(Table145678910234111214[No. Of Iterations Block Of Text - Run 5]) -> 526334 | H7: =AVERAGE(Table145678910234111214[No. Of Iterations Block Of Text - Run 6]) -> 525772.25 | I7: =AVERAGE(Table145678910234111214[No. Of Iterations Block Of Text - Run 7]) -> 524164.75 | J7: =AVERAGE(Table145678910234111214[No. Of Iterations Block Of Text - Run 8]) -> 514857.25 | K7: =AVERAGE(Table145678910234111214[No. Of Iterations Block Of Text - Run 9]) -> 520817 | L7: =AVERAGE(Table145678910234111214[No. Of Iterations Block Of Text - Run 10]) -> 527298.5
A8: Min No. Of Iterations | C8: =MIN(Table145678910234111214[No. Of Iterations Block Of Text - Run 1]) -> 514581 | D8: =MIN(Table145678910234111214[No. Of Iterations Block Of Text - Run 2]) -> 518321 | E8: =MIN(Table145678910234111214[No. Of Iterations Block Of Text - Run 3]) -> 519300 | F8: =MIN(Table145678910234111214[No. Of Iterations Block Of Text - Run 4]) -> 511111 | G8: =MIN(Table145678910234111214[No. Of Iterations Block Of Text - Run 5]) -> 519462 | H8: =MIN(Table145678910234111214[No. Of Iterations Block Of Text - Run 6]) -> 524537 | I8: =MIN(Table145678910234111214[No. Of Iterations Block Of Text - Run 7]) -> 521384 | J8: =MIN(Table145678910234111214[No. Of Iterations Block Of Text - Run 8]) -> 511149 | K8: =MIN(Table145678910234111214[No. Of Iterations Block Of Text - Run 9]) -> 500735 | L8: =MIN(Table145678910234111214[No. Of Iterations Block Of Text - Run 10]) -> 523771
A9: Max No. Of Iterations | C9: =MAX(Table145678910234111214[No. Of Iterations Block Of Text - Run 1]) -> 534469 | D9: =MAX(Table145678910234111214[No. Of Iterations Block Of Text - Run 2]) -> 535467 | E9: =MAX(Table145678910234111214[No. Of Iterations Block Of Text - Run 3]) -> 535203 | F9: =MAX(Table145678910234111214[No. Of Iterations Block Of Text - Run 4]) -> 529521 | G9: =MAX(Table145678910234111214[No. Of Iterations Block Of Text - Run 5]) -> 532209 | H9: =MAX(Table145678910234111214[No. Of Iterations Block Of Text - Run 6]) -> 527506 | I9: =MAX(Table145678910234111214[No. Of Iterations Block Of Text - Run 7]) -> 526820 | J9: =MAX(Table145678910234111214[No. Of Iterations Block Of Text - Run 8]) -> 520775 | K9: =MAX(Table145678910234111214[No. Of Iterations Block Of Text - Run 9]) -> 541155 | L9: =MAX(Table145678910234111214[No. Of Iterations Block Of Text - Run 10]) -> 532234
A10: Range (Max - Min) | C10: =C9-C8 -> 19888 | D10: =D9-D8 -> 17146 | E10: =E9-E8 -> 15903 | F10: =F9-F8 -> 18410 | G10: =G9-G8 -> 12747 | H10: =H9-H8 -> 2969 | I10: =I9-I8 -> 5436 | J10: =J9-J8 -> 9626 | ... L10: =L9-L8 -> 8463
A11: Range (percentage of Min) | C11: =C10/C8 -> 0.03864892 | D11: =D10/D8 -> 0.033079887 | E11: =E10/E8 -> 0.030623917 | F11: =F10/F8 -> 0.036019573 | G11: =G10/G8 -> 0.02453885 | H11: =H10/H8 -> 0.0056602299 | I11: =I10/I8 -> 0.010426097 | J11: =J10/J8 -> 0.018832082 | ... L11: =L10/L8 -> 0.016157825
A12: Smallest Range (Tightest Execution) (%) | C12: =MIN(C11:L11) -> 0.0056602299
A13: Largest Range (Loosest Execution) (%) | C13: =MAX(C11:L11) -> 0.08072134
A14: Average Range (%) | C14: =AVERAGE(C11:L11) -> 0.029470872
A15: Overall Average No. Of Iterations | C15: =AVERAGE(C7:L7) -> 523247.05
B17: Experiment 13.vi with inline VIs (DDS "Case 2: Inline VIs")
B18: No. | C18: No. Of Iterations Block Of Text - Run 1 | D18: No. Of Iterations Block Of Text - Run 2 | E18: No. Of Iterations Block Of Text - Run 3 | F18: No. Of Iterations Block Of Text - Run 4 | G18: No. Of Iterations Block Of Text - Run 5 | H18: No. Of Iterations Block Of Text - Run 6 | I18: No. Of Iterations Block Of Text - Run 7 | J18: No. Of Iterations Block Of Text - Run 8 | K18: No. Of Iterations Block Of Text - Run 9 | L18: No. Of Iterations Block Of Text - Run 10
B19: 1 | C19: 555645 | D19: 560051 | E19: 557377 | F19: 539593 | G19: 551734 | H19: 538105 | I19: 540211 | J19: 564497 | K19: 555785 | L19: 546741
B20: 2 | C20: 561279 | D20: 557112 | E20: 550891 | F20: 556436 | G20: 552803 | H20: 564887 | I20: 576429 | J20: 564362 | K20: 552398 | L20: 554431
B21: 3 | C21: 546441 | D21: 569611 | E21: 559068 | F21: 561380 | G21: 556153 | H21: 564765 | I21: 571210 | J21: 559730 | K21: 550105 | L21: 546461
B22: 4 | C22: 548978 | D22: 559142 | E22: 553974 | F22: 547269 | G22: 557372 | H22: 551041 | I22: 545637 | J22: 555855 | K22: 555896 | L22: 552149
A23: Avg No. Of Iterations | C23: =AVERAGE(Table14567891023411121315[No. Of Iterations Block Of Text - Run 1]) -> 553085.75 | D23: =AVERAGE(Table14567891023411121315[No. Of Iterations Block Of Text - Run 2]) -> 561479 | E23: =AVERAGE(Table14567891023411121315[No. Of Iterations Block Of Text - Run 3]) -> 555327.5 | F23: =AVERAGE(Table14567891023411121315[No. Of Iterations Block Of Text - Run 4]) -> 551169.5 | G23: =AVERAGE(Table14567891023411121315[No. Of Iterations Block Of Text - Run 5]) -> 554515.5 | H23: =AVERAGE(Table14567891023411121315[No. Of Iterations Block Of Text - Run 6]) -> 554699.5 | I23: =AVERAGE(Table14567891023411121315[No. Of Iterations Block Of Text - Run 7]) -> 558371.75 | J23: =AVERAGE(Table14567891023411121315[No. Of Iterations Block Of Text - Run 8]) -> 561111 | K23: =AVERAGE(Table14567891023411121315[No. Of Iterations Block Of Text - Run 9]) -> 553546 | L23: =AVERAGE(Table14567891023411121315[No. Of Iterations Block Of Text - Run 10]) -> 549945.5
A24: Min No. Of Iterations | C24: =MIN(Table14567891023411121315[No. Of Iterations Block Of Text - Run 1]) -> 546441 | D24: =MIN(Table14567891023411121315[No. Of Iterations Block Of Text - Run 2]) -> 557112 | E24: =MIN(Table14567891023411121315[No. Of Iterations Block Of Text - Run 3]) -> 550891 | F24: =MIN(Table14567891023411121315[No. Of Iterations Block Of Text - Run 4]) -> 539593 | G24: =MIN(Table14567891023411121315[No. Of Iterations Block Of Text - Run 5]) -> 551734 | H24: =MIN(Table14567891023411121315[No. Of Iterations Block Of Text - Run 6]) -> 538105 | I24: =MIN(Table14567891023411121315[No. Of Iterations Block Of Text - Run 7]) -> 540211 | J24: =MIN(Table14567891023411121315[No. Of Iterations Block Of Text - Run 8]) -> 555855 | K24: =MIN(Table14567891023411121315[No. Of Iterations Block Of Text - Run 9]) -> 550105 | L24: =MIN(Table14567891023411121315[No. Of Iterations Block Of Text - Run 10]) -> 546461
A25: Max No. Of Iterations | C25: =MAX(Table14567891023411121315[No. Of Iterations Block Of Text - Run 1]) -> 561279 | D25: =MAX(Table14567891023411121315[No. Of Iterations Block Of Text - Run 2]) -> 569611 | E25: =MAX(Table14567891023411121315[No. Of Iterations Block Of Text - Run 3]) -> 559068 | F25: =MAX(Table14567891023411121315[No. Of Iterations Block Of Text - Run 4]) -> 561380 | G25: =MAX(Table14567891023411121315[No. Of Iterations Block Of Text - Run 5]) -> 557372 | H25: =MAX(Table14567891023411121315[No. Of Iterations Block Of Text - Run 6]) -> 564887 | I25: =MAX(Table14567891023411121315[No. Of Iterations Block Of Text - Run 7]) -> 576429 | J25: =MAX(Table14567891023411121315[No. Of Iterations Block Of Text - Run 8]) -> 564497 | K25: =MAX(Table14567891023411121315[No. Of Iterations Block Of Text - Run 9]) -> 555896 | L25: =MAX(Table14567891023411121315[No. Of Iterations Block Of Text - Run 10]) -> 554431
A26: Range (Max - Min) | C26: =C25-C24 -> 14838 | D26: =D25-D24 -> 12499 | E26: =E25-E24 -> 8177 | F26: =F25-F24 -> 21787 | G26: =G25-G24 -> 5638 | H26: =H25-H24 -> 26782 | I26: =I25-I24 -> 36218 | J26: =J25-J24 -> 8642 | ... L26: =L25-L24 -> 7970
A27: Range (percentage of Min) | C27: =C26/C24 -> 0.027153892 | D27: =D26/D24 -> 0.022435345 | E27: =E26/E24 -> 0.014843227 | F27: =F26/F24 -> 0.040376728 | G27: =G26/G24 -> 0.010218692 | H27: =H26/H24 -> 0.049770955 | I27: =I26/I24 -> 0.067044173 | J27: =J26/J24 -> 0.01554722 | ... L27: =L26/L24 -> 0.014584755
A28: Smallest Range (Tightest Execution) (%) | C28: =MIN(C27:L27) -> 0.010218692
A29: Largest Range (Loosest Execution) (%) | C29: =MAX(C27:L27) -> 0.067044173
A30: Average Range (%) | C30: =AVERAGE(C27:L27) -> 0.027250207
A31: Overall Average No. Of Iterations | C31: =AVERAGE(C23:L23) -> 555325.1

Sheet Exp14
B1: Experiment 14.vi with subroutine VIs (DDS "Case 1: Subroutines")
B2: No. | C2: No. Of Iterations Block Of Text - Run 1 | D2: No. Of Iterations Block Of Text - Run 2 | E2: No. Of Iterations Block Of Text - Run 3 | F2: No. Of Iterations Block Of Text - Run 4 | G2: No. Of Iterations Block Of Text - Run 5 | H2: No. Of Iterations Block Of Text - Run 6 | I2: No. Of Iterations Block Of Text - Run 7 | J2: No. Of Iterations Block Of Text - Run 8 | K2: No. Of Iterations Block Of Text - Run 9 | L2: No. Of Iterations Block Of Text - Run 10
B3: 1 | C3: 562157 | D3: 556343 | E3: 542911 | F3: 548845 | G3: 562603 | H3: 547132 | I3: 561879 | J3: 560312 | K3: 547556 | L3: 543133
B4: 2 | C4: 562906 | D4: 554854 | E4: 543743 | F4: 547698 | G4: 563371 | H4: 546198 | I4: 560859 | J4: 560955 | K4: 548612 | L4: 542993
A5: Avg No. Of Iterations | C5: =AVERAGE(Table14567891023411121416[No. Of Iterations Block Of Text - Run 1]) -> 562531.5 | D5: =AVERAGE(Table14567891023411121416[No. Of Iterations Block Of Text - Run 2]) -> 555598.5 | E5: =AVERAGE(Table14567891023411121416[No. Of Iterations Block Of Text - Run 3]) -> 543327 | F5: =AVERAGE(Table14567891023411121416[No. Of Iterations Block Of Text - Run 4]) -> 548271.5 | G5: =AVERAGE(Table14567891023411121416[No. Of Iterations Block Of Text - Run 5]) -> 562987 | H5: =AVERAGE(Table14567891023411121416[No. Of Iterations Block Of Text - Run 6]) -> 546665 | I5: =AVERAGE(Table14567891023411121416[No. Of Iterations Block Of Text - Run 7]) -> 561369 | J5: =AVERAGE(Table14567891023411121416[No. Of Iterations Block Of Text - Run 8]) -> 560633.5 | K5: =AVERAGE(Table14567891023411121416[No. Of Iterations Block Of Text - Run 9]) -> 548084 | L5: =AVERAGE(Table14567891023411121416[No. Of Iterations Block Of Text - Run 10]) -> 543063
A6: Min No. Of Iterations | C6: =MIN(Table14567891023411121416[No. Of Iterations Block Of Text - Run 1]) -> 562157 | D6: =MIN(Table14567891023411121416[No. Of Iterations Block Of Text - Run 2]) -> 554854 | E6: =MIN(Table14567891023411121416[No. Of Iterations Block Of Text - Run 3]) -> 542911 | F6: =MIN(Table14567891023411121416[No. Of Iterations Block Of Text - Run 4]) -> 547698 | G6: =MIN(Table14567891023411121416[No. Of Iterations Block Of Text - Run 5]) -> 562603 | H6: =MIN(Table14567891023411121416[No. Of Iterations Block Of Text - Run 6]) -> 546198 | I6: =MIN(Table14567891023411121416[No. Of Iterations Block Of Text - Run 7]) -> 560859 | J6: =MIN(Table14567891023411121416[No. Of Iterations Block Of Text - Run 8]) -> 560312 | K6: =MIN(Table14567891023411121416[No. Of Iterations Block Of Text - Run 9]) -> 547556 | L6: =MIN(Table14567891023411121416[No. Of Iterations Block Of Text - Run 10]) -> 542993
A7: Max No. Of Iterations | C7: =MAX(Table14567891023411121416[No. Of Iterations Block Of Text - Run 1]) -> 562906 | D7: =MAX(Table14567891023411121416[No. Of Iterations Block Of Text - Run 2]) -> 556343 | E7: =MAX(Table14567891023411121416[No. Of Iterations Block Of Text - Run 3]) -> 543743 | F7: =MAX(Table14567891023411121416[No. Of Iterations Block Of Text - Run 4]) -> 548845 | G7: =MAX(Table14567891023411121416[No. Of Iterations Block Of Text - Run 5]) -> 563371 | H7: =MAX(Table14567891023411121416[No. Of Iterations Block Of Text - Run 6]) -> 547132 | I7: =MAX(Table14567891023411121416[No. Of Iterations Block Of Text - Run 7]) -> 561879 | J7: =MAX(Table14567891023411121416[No. Of Iterations Block Of Text - Run 8]) -> 560955 | K7: =MAX(Table14567891023411121416[No. Of Iterations Block Of Text - Run 9]) -> 548612 | L7: =MAX(Table14567891023411121416[No. Of Iterations Block Of Text - Run 10]) -> 543133
A8: Range (Max - Min) | C8: =C7-C6 -> 749 | D8: =D7-D6 -> 1489 | E8: =E7-E6 -> 832 | F8: =F7-F6 -> 1147 | G8: =G7-G6 -> 768 | H8: =H7-H6 -> 934 | I8: =I7-I6 -> 1020 | J8: =J7-J6 -> 643 | ... L8: =L7-L6 -> 140
A9: Range (percentage of Min) | C9: =C8/C6 -> 0.001332368 | D9: =D8/D6 -> 0.0026835888 | E9: =E8/E6 -> 0.0015324795 | F9: =F8/F6 -> 0.0020942198 | G9: =G8/G6 -> 0.0013650834 | H9: =H8/H6 -> 0.0017100026 | I9: =I8/I6 -> 0.0018186389 | J9: =J8/J6 -> 0.0011475749 | ... L9: =L8/L6 -> 0.00025783021
A10: Smallest Range (Tightest Execution) (%) | C10: =MIN(C9:L9) -> 0.00025783021
A11: Largest Range (Loosest Execution) (%) | C11: =MAX(C9:L9) -> 0.0026835888
A12: Average Range (%) | C12: =AVERAGE(C9:L9) -> 0.0015870356
A13: Overall Average No. Of Iterations | C13: =AVERAGE(C5:L5) -> 553253
B15: Experiment 14.vi with inline VIs (DDS "Case 2: Inline VIs")
B16: No. | C16: No. Of Iterations Block Of Text - Run 1 | D16: No. Of Iterations Block Of Text - Run 2 | E16: No. Of Iterations Block Of Text - Run 3 | F16: No. Of Iterations Block Of Text - Run 4 | G16: No. Of Iterations Block Of Text - Run 5 | H16: No. Of Iterations Block Of Text - Run 6 | I16: No. Of Iterations Block Of Text - Run 7 | J16: No. Of Iterations Block Of Text - Run 8 | K16: No. Of Iterations Block Of Text - Run 9 | L16: No. Of Iterations Block Of Text - Run 10
B17: 1 | C17: 606067 | D17: 592625 | E17: 596002 | F17: 601597 | G17: 605906 | H17: 606069 | I17: 596723 | J17: 581068 | K17: 602175 | L17: 606850
B18: 2 | C18: 604263 | D18: 593189 | E18: 593468 | F18: 600859 | G18: 604983 | H18: 604973 | I18: 597276 | J18: 579890 | K18: 600119 | L18: 606724
A19: Avg No. Of Iterations | C19: =AVERAGE(Table1456789102341112131517[No. Of Iterations Block Of Text - Run 1]) -> 605165 | D19: =AVERAGE(Table1456789102341112131517[No. Of Iterations Block Of Text - Run 2]) -> 592907 | E19: =AVERAGE(Table1456789102341112131517[No. Of Iterations Block Of Text - Run 3]) -> 594735 | F19: =AVERAGE(Table1456789102341112131517[No. Of Iterations Block Of Text - Run 4]) -> 601228 | G19: =AVERAGE(Table1456789102341112131517[No. Of Iterations Block Of Text - Run 5]) -> 605444.5 | H19: =AVERAGE(Table1456789102341112131517[No. Of Iterations Block Of Text - Run 6]) -> 605521 | I19: =AVERAGE(Table1456789102341112131517[No. Of Iterations Block Of Text - Run 7]) -> 596999.5 | J19: =AVERAGE(Table1456789102341112131517[No. Of Iterations Block Of Text - Run 8]) -> 580479 | K19: =AVERAGE(Table1456789102341112131517[No. Of Iterations Block Of Text - Run 9]) -> 601147 | L19: =AVERAGE(Table1456789102341112131517[No. Of Iterations Block Of Text - Run 10]) -> 606787
A20: Min No. Of Iterations | C20: =MIN(Table1456789102341112131517[No. Of Iterations Block Of Text - Run 1]) -> 604263 | D20: =MIN(Table1456789102341112131517[No. Of Iterations Block Of Text - Run 2]) -> 592625 | E20: =MIN(Table1456789102341112131517[No. Of Iterations Block Of Text - Run 3]) -> 593468 | F20: =MIN(Table1456789102341112131517[No. Of Iterations Block Of Text - Run 4]) -> 600859 | G20: =MIN(Table1456789102341112131517[No. Of Iterations Block Of Text - Run 5]) -> 604983 | H20: =MIN(Table1456789102341112131517[No. Of Iterations Block Of Text - Run 6]) -> 604973 | I20: =MIN(Table1456789102341112131517[No. Of Iterations Block Of Text - Run 7]) -> 596723 | J20: =MIN(Table1456789102341112131517[No. Of Iterations Block Of Text - Run 8]) -> 579890 | K20: =MIN(Table1456789102341112131517[No. Of Iterations Block Of Text - Run 9]) -> 600119 | L20: =MIN(Table1456789102341112131517[No. Of Iterations Block Of Text - Run 10]) -> 606724
A21: Max No. Of Iterations | C21: =MAX(Table1456789102341112131517[No. Of Iterations Block Of Text - Run 1]) -> 606067 | D21: =MAX(Table1456789102341112131517[No. Of Iterations Block Of Text - Run 2]) -> 593189 | E21: =MAX(Table1456789102341112131517[No. Of Iterations Block Of Text - Run 3]) -> 596002 | F21: =MAX(Table1456789102341112131517[No. Of Iterations Block Of Text - Run 4]) -> 601597 | G21: =MAX(Table1456789102341112131517[No. Of Iterations Block Of Text - Run 5]) -> 605906 | H21: =MAX(Table1456789102341112131517[No. Of Iterations Block Of Text - Run 6]) -> 606069 | I21: =MAX(Table1456789102341112131517[No. Of Iterations Block Of Text - Run 7]) -> 597276 | J21: =MAX(Table1456789102341112131517[No. Of Iterations Block Of Text - Run 8]) -> 581068 | K21: =MAX(Table1456789102341112131517[No. Of Iterations Block Of Text - Run 9]) -> 602175 | L21: =MAX(Table1456789102341112131517[No. Of Iterations Block Of Text - Run 10]) -> 606850
A22: Range (Max - Min) | C22: =C21-C20 -> 1804 | D22: =D21-D20 -> 564 | E22: =E21-E20 -> 2534 | F22: =F21-F20 -> 738 | G22: =G21-G20 -> 923 | H22: =H21-H20 -> 1096 | I22: =I21-I20 -> 553 | J22: =J21-J20 -> 1178 | ... L22: =L21-L20 -> 126
A23: Range (percentage of Min) | C23: =C22/C20 -> 0.002985455 | D23: =D22/D20 -> 0.00095169795 | E23: =E22/E20 -> 0.0042698174 | F23: =F22/F20 -> 0.0012282416 | G23: =G22/G20 -> 0.0015256627 | H23: =H22/H20 -> 0.0018116511 | I23: =I22/I20 -> 0.00092672815 | J23: =J22/J20 -> 0.0020314198 | ... L23: =L22/L20 -> 0.00020767268
A24: Smallest Range (Tightest Execution) (%) | C24: =MIN(C23:L23) -> 0.00020767268
A25: Largest Range (Loosest Execution) (%) | C25: =MAX(C23:L23) -> 0.0042698174
A26: Average Range (%) | C26: =AVERAGE(C23:L23) -> 0.0019364334
A27: Overall Average No. Of Iterations | C27: =AVERAGE(C19:L19) -> 599041.3

Sheet Exp15
B1: Experiment 15.vi with subroutine VIs (DDS "Case 1: Subroutines")
B2: No. | C2: No. Of Iterations Block Of Text - Run 1 | D2: No. Of Iterations Block Of Text - Run 2 | E2: No. Of Iterations Block Of Text - Run 3 | F2: No. Of Iterations Block Of Text - Run 4 | G2: No. Of Iterations Block Of Text - Run 5 | H2: No. Of Iterations Block Of Text - Run 6 | I2: No. Of Iterations Block Of Text - Run 7 | J2: No. Of Iterations Block Of Text - Run 8 | K2: No. Of Iterations Block Of Text - Run 9 | L2: No. Of Iterations Block Of Text - Run 10
B3: 1 | C3: 563364 | D3: 568777 | E3: 567582 | F3: 553764 | G3: 556390 | H3: 544686 | I3: 539938 | J3: 559972 | K3: 565231 | L3: 530791
B4: 2 | C4: 562136 | D4: 563773 | E4: 567132 | F4: 562970 | G4: 552826 | H4: 555949 | I4: 529637 | J4: 559944 | K4: 561851 | L4: 531377
A5: Avg No. Of Iterations | C5: =AVERAGE(Table1456789102341112141618[No. Of Iterations Block Of Text - Run 1]) -> 562750 | D5: =AVERAGE(Table1456789102341112141618[No. Of Iterations Block Of Text - Run 2]) -> 566275 | E5: =AVERAGE(Table1456789102341112141618[No. Of Iterations Block Of Text - Run 3]) -> 567357 | F5: =AVERAGE(Table1456789102341112141618[No. Of Iterations Block Of Text - Run 4]) -> 558367 | G5: =AVERAGE(Table1456789102341112141618[No. Of Iterations Block Of Text - Run 5]) -> 554608 | H5: =AVERAGE(Table1456789102341112141618[No. Of Iterations Block Of Text - Run 6]) -> 550317.5 | I5: =AVERAGE(Table1456789102341112141618[No. Of Iterations Block Of Text - Run 7]) -> 534787.5 | J5: =AVERAGE(Table1456789102341112141618[No. Of Iterations Block Of Text - Run 8]) -> 559958 | K5: =AVERAGE(Table1456789102341112141618[No. Of Iterations Block Of Text - Run 9]) -> 563541 | L5: =AVERAGE(Table1456789102341112141618[No. Of Iterations Block Of Text - Run 10]) -> 531084
A6: Min No. Of Iterations | C6: =MIN(Table1456789102341112141618[No. Of Iterations Block Of Text - Run 1]) -> 562136 | D6: =MIN(Table1456789102341112141618[No. Of Iterations Block Of Text - Run 2]) -> 563773 | E6: =MIN(Table1456789102341112141618[No. Of Iterations Block Of Text - Run 3]) -> 567132 | F6: =MIN(Table1456789102341112141618[No. Of Iterations Block Of Text - Run 4]) -> 553764 | G6: =MIN(Table1456789102341112141618[No. Of Iterations Block Of Text - Run 5]) -> 552826 | H6: =MIN(Table1456789102341112141618[No. Of Iterations Block Of Text - Run 6]) -> 544686 | I6: =MIN(Table1456789102341112141618[No. Of Iterations Block Of Text - Run 7]) -> 529637 | J6: =MIN(Table1456789102341112141618[No. Of Iterations Block Of Text - Run 8]) -> 559944 | K6: =MIN(Table1456789102341112141618[No. Of Iterations Block Of Text - Run 9]) -> 561851 | L6: =MIN(Table1456789102341112141618[No. Of Iterations Block Of Text - Run 10]) -> 530791
A7: Max No. Of Iterations | C7: =MAX(Table1456789102341112141618[No. Of Iterations Block Of Text - Run 1]) -> 563364 | D7: =MAX(Table1456789102341112141618[No. Of Iterations Block Of Text - Run 2]) -> 568777 | E7: =MAX(Table1456789102341112141618[No. Of Iterations Block Of Text - Run 3]) -> 567582 | F7: =MAX(Table1456789102341112141618[No. Of Iterations Block Of Text - Run 4]) -> 562970 | G7: =MAX(Table1456789102341112141618[No. Of Iterations Block Of Text - Run 5]) -> 556390 | H7: =MAX(Table1456789102341112141618[No. Of Iterations Block Of Text - Run 6]) -> 555949 | I7: =MAX(Table1456789102341112141618[No. Of Iterations Block Of Text - Run 7]) -> 539938 | J7: =MAX(Table1456789102341112141618[No. Of Iterations Block Of Text - Run 8]) -> 559972 | K7: =MAX(Table1456789102341112141618[No. Of Iterations Block Of Text - Run 9]) -> 565231 | L7: =MAX(Table1456789102341112141618[No. Of Iterations Block Of Text - Run 10]) -> 531377
A8: Range (Max - Min) | C8: =C7-C6 -> 1228 | D8: =D7-D6 -> 5004 | E8: =E7-E6 -> 450 | F8: =F7-F6 -> 9206 | G8: =G7-G6 -> 3564 | H8: =H7-H6 -> 11263 | I8: =I7-I6 -> 10301 | J8: =J7-J6 -> 28 | ... L8: =L7-L6 -> 586
A9: Range (percentage of Min) | C9: =C8/C6 -> 0.0021845247 | D9: =D8/D6 -> 0.0088759128 | E9: =E8/E6 -> 0.00079346607 | F9: =F8/F6 -> 0.01662441 | G9: =G8/G6 -> 0.0064468748 | H9: =H8/H6 -> 0.020677969 | I9: =I8/I6 -> 0.01944917 | J9: =J8/J6 -> 5.0005001e-05 | ... L9: =L8/L6 -> 0.0011040127
A10: Smallest Range (Tightest Execution) (%) | C10: =MIN(C9:L9) -> 5.0005001e-05
A11: Largest Range (Loosest Execution) (%) | C11: =MAX(C9:L9) -> 0.020677969
A12: Average Range (%) | C12: =AVERAGE(C9:L9) -> 0.0082222175
A13: Overall Average No. Of Iterations | C13: =AVERAGE(C5:L5) -> 554904.5
B15: Experiment 15.vi with inline VIs (DDS "Case 2: Inline VIs")
B16: No. | C16: No. Of Iterations Block Of Text - Run 1 | D16: No. Of Iterations Block Of Text - Run 2 | E16: No. Of Iterations Block Of Text - Run 3 | F16: No. Of Iterations Block Of Text - Run 4 | G16: No. Of Iterations Block Of Text - Run 5 | H16: No. Of Iterations Block Of Text - Run 6 | I16: No. Of Iterations Block Of Text - Run 7 | J16: No. Of Iterations Block Of Text - Run 8 | K16: No. Of Iterations Block Of Text - Run 9 | L16: No. Of Iterations Block Of Text - Run 10
B17: 1 | C17: 596155 | D17: 598247 | E17: 599902 | F17: 600214 | G17: 591812 | H17: 604053 | I17: 596652 | J17: 593045 | K17: 599775 | L17: 598638
B18: 2 | C18: 596371 | D18: 600611 | E18: 601673 | F18: 602597 | G18: 597290 | H18: 603025 | I18: 595610 | J18: 593476 | K18: 601985 | L18: 598870
A19: Avg No. Of Iterations | C19: =AVERAGE(Table145678910234111213151719[No. Of Iterations Block Of Text - Run 1]) -> 596263 | D19: =AVERAGE(Table145678910234111213151719[No. Of Iterations Block Of Text - Run 2]) -> 599429 | E19: =AVERAGE(Table145678910234111213151719[No. Of Iterations Block Of Text - Run 3]) -> 600787.5 | F19: =AVERAGE(Table145678910234111213151719[No. Of Iterations Block Of Text - Run 4]) -> 601405.5 | G19: =AVERAGE(Table145678910234111213151719[No. Of Iterations Block Of Text - Run 5]) -> 594551 | H19: =AVERAGE(Table145678910234111213151719[No. Of Iterations Block Of Text - Run 6]) -> 603539 | I19: =AVERAGE(Table145678910234111213151719[No. Of Iterations Block Of Text - Run 7]) -> 596131 | J19: =AVERAGE(Table145678910234111213151719[No. Of Iterations Block Of Text - Run 8]) -> 593260.5 | K19: =AVERAGE(Table145678910234111213151719[No. Of Iterations Block Of Text - Run 9]) -> 600880 | L19: =AVERAGE(Table145678910234111213151719[No. Of Iterations Block Of Text - Run 10]) -> 598754
A20: Min No. Of Iterations | C20: =MIN(Table145678910234111213151719[No. Of Iterations Block Of Text - Run 1]) -> 596155 | D20: =MIN(Table145678910234111213151719[No. Of Iterations Block Of Text - Run 2]) -> 598247 | E20: =MIN(Table145678910234111213151719[No. Of Iterations Block Of Text - Run 3]) -> 599902 | F20: =MIN(Table145678910234111213151719[No. Of Iterations Block Of Text - Run 4]) -> 600214 | G20: =MIN(Table145678910234111213151719[No. Of Iterations Block Of Text - Run 5]) -> 591812 | H20: =MIN(Table145678910234111213151719[No. Of Iterations Block Of Text - Run 6]) -> 603025 | I20: =MIN(Table145678910234111213151719[No. Of Iterations Block Of Text - Run 7]) -> 595610 | J20: =MIN(Table145678910234111213151719[No. Of Iterations Block Of Text - Run 8]) -> 593045 | K20: =MIN(Table145678910234111213151719[No. Of Iterations Block Of Text - Run 9]) -> 599775 | L20: =MIN(Table145678910234111213151719[No. Of Iterations Block Of Text - Run 10]) -> 598638
A21: Max No. Of Iterations | C21: =MAX(Table145678910234111213151719[No. Of Iterations Block Of Text - Run 1]) -> 596371 | D21: =MAX(Table145678910234111213151719[No. Of Iterations Block Of Text - Run 2]) -> 600611 | E21: =MAX(Table145678910234111213151719[No. Of Iterations Block Of Text - Run 3]) -> 601673 | F21: =MAX(Table145678910234111213151719[No. Of Iterations Block Of Text - Run 4]) -> 602597 | G21: =MAX(Table145678910234111213151719[No. Of Iterations Block Of Text - Run 5]) -> 597290 | H21: =MAX(Table145678910234111213151719[No. Of Iterations Block Of Text - Run 6]) -> 604053 | I21: =MAX(Table145678910234111213151719[No. Of Iterations Block Of Text - Run 7]) -> 596652 | J21: =MAX(Table145678910234111213151719[No. Of Iterations Block Of Text - Run 8]) -> 593476 | K21: =MAX(Table145678910234111213151719[No. Of Iterations Block Of Text - Run 9]) -> 601985 | L21: =MAX(Table145678910234111213151719[No. Of Iterations Block Of Text - Run 10]) -> 598870
A22: Range (Max - Min) | C22: =C21-C20 -> 216 | D22: =D21-D20 -> 2364 | E22: =E21-E20 -> 1771 | F22: =F21-F20 -> 2383 | G22: =G21-G20 -> 5478 | H22: =H21-H20 -> 1028 | I22: =I21-I20 -> 1042 | J22: =J21-J20 -> 431 | ... L22: =L21-L20 -> 232
A23: Range (percentage of Min) | C23: =C22/C20 -> 0.00036232188 | D23: =D22/D20 -> 0.0039515451 | E23: =E22/E20 -> 0.0029521489 | F23: =F22/F20 -> 0.0039702506 | G23: =G22/G20 -> 0.0092563179 | H23: =H22/H20 -> 0.0017047386 | I23: =I22/I20 -> 0.0017494669 | J23: =J22/J20 -> 0.00072675767 | ... L23: =L22/L20 -> 0.0003875464
A24: Smallest Range (Tightest Execution) (%) | C24: =MIN(C23:L23) -> 0.00036232188
A25: Largest Range (Loosest Execution) (%) | C25: =MAX(C23:L23) -> 0.0092563179
A26: Average Range (%) | C26: =AVERAGE(C23:L23) -> 0.0028745809
A27: Overall Average No. Of Iterations | C27: =AVERAGE(C19:L19) -> 598500.05

Sheet Exp16
B1: Experiment 16.vi with subroutine VIs (DDS "Case 1: Subroutines")
B2: No. | C2: No. Of Iterations Block Of Text - Run 1 | D2: No. Of Iterations Block Of Text - Run 2 | E2: No. Of Iterations Block Of Text - Run 3 | F2: No. Of Iterations Block Of Text - Run 4 | G2: No. Of Iterations Block Of Text - Run 5 | H2: No. Of Iterations Block Of Text - Run 6 | I2: No. Of Iterations Block Of Text - Run 7 | J2: No. Of Iterations Block Of Text - Run 8 | K2: No. Of Iterations Block Of Text - Run 9 | L2: No. Of Iterations Block Of Text - Run 10
B3: 1 | C3: 516972 | D3: 510912 | E3: 508852 | F3: 507915 | G3: 511642 | H3: 514424 | I3: 512430 | J3: 513098 | K3: 500992 | L3: 514232
B4: 2 | C4: 515514 | D4: 514390 | E4: 521001 | F4: 520775 | G4: 506169 | H4: 518680 | I4: 522700 | J4: 517451 | K4: 507243 | L4: 518444
B5: 3 | C5: 528624 | D5: 520626 | E5: 521564 | F5: 513489 | G5: 525630 | H5: 520261 | I5: 523547 | J5: 524243 | K5: 515288 | L5: 524131
B6: 4 | C6: 506875 | D6: 520892 | E6: 516965 | F6: 517647 | G6: 522308 | H6: 517963 | I6: 516969 | J6: 513486 | K6: 503526 | L6: 521957
A7: Avg No. Of Iterations | C7: =AVERAGE(Table14567891023411121420[No. Of Iterations Block Of Text - Run 1]) -> 516996.25 | D7: =AVERAGE(Table14567891023411121420[No. Of Iterations Block Of Text - Run 2]) -> 516705 | E7: =AVERAGE(Table14567891023411121420[No. Of Iterations Block Of Text - Run 3]) -> 517095.5 | F7: =AVERAGE(Table14567891023411121420[No. Of Iterations Block Of Text - Run 4]) -> 514956.5 | G7: =AVERAGE(Table14567891023411121420[No. Of Iterations Block Of Text - Run 5]) -> 516437.25 | H7: =AVERAGE(Table14567891023411121420[No. Of Iterations Block Of Text - Run 6]) -> 517832 | I7: =AVERAGE(Table14567891023411121420[No. Of Iterations Block Of Text - Run 7]) -> 518911.5 | J7: =AVERAGE(Table14567891023411121420[No. Of Iterations Block Of Text - Run 8]) -> 517069.5 | K7: =AVERAGE(Table14567891023411121420[No. Of Iterations Block Of Text - Run 9]) -> 506762.25 | L7: =AVERAGE(Table14567891023411121420[No. Of Iterations Block Of Text - Run 10]) -> 519691
A8: Min No. Of Iterations | C8: =MIN(Table14567891023411121420[No. Of Iterations Block Of Text - Run 1]) -> 506875 | D8: =MIN(Table14567891023411121420[No. Of Iterations Block Of Text - Run 2]) -> 510912 | E8: =MIN(Table14567891023411121420[No. Of Iterations Block Of Text - Run 3]) -> 508852 | F8: =MIN(Table14567891023411121420[No. Of Iterations Block Of Text - Run 4]) -> 507915 | G8: =MIN(Table14567891023411121420[No. Of Iterations Block Of Text - Run 5]) -> 506169 | H8: =MIN(Table14567891023411121420[No. Of Iterations Block Of Text - Run 6]) -> 514424 | I8: =MIN(Table14567891023411121420[No. Of Iterations Block Of Text - Run 7]) -> 512430 | J8: =MIN(Table14567891023411121420[No. Of Iterations Block Of Text - Run 8]) -> 513098 | K8: =MIN(Table14567891023411121420[No. Of Iterations Block Of Text - Run 9]) -> 500992 | L8: =MIN(Table14567891023411121420[No. Of Iterations Block Of Text - Run 10]) -> 514232
A9: Max No. Of Iterations | C9: =MAX(Table14567891023411121420[No. Of Iterations Block Of Text - Run 1]) -> 528624 | D9: =MAX(Table14567891023411121420[No. Of Iterations Block Of Text - Run 2]) -> 520892 | E9: =MAX(Table14567891023411121420[No. Of Iterations Block Of Text - Run 3]) -> 521564 | F9: =MAX(Table14567891023411121420[No. Of Iterations Block Of Text - Run 4]) -> 520775 | G9: =MAX(Table14567891023411121420[No. Of Iterations Block Of Text - Run 5]) -> 525630 | H9: =MAX(Table14567891023411121420[No. Of Iterations Block Of Text - Run 6]) -> 520261 | I9: =MAX(Table14567891023411121420[No. Of Iterations Block Of Text - Run 7]) -> 523547 | J9: =MAX(Table14567891023411121420[No. Of Iterations Block Of Text - Run 8]) -> 524243 | K9: =MAX(Table14567891023411121420[No. Of Iterations Block Of Text - Run 9]) -> 515288 | L9: =MAX(Table14567891023411121420[No. Of Iterations Block Of Text - Run 10]) -> 524131
A10: Range (Max - Min) | C10: =C9-C8 -> 21749 | D10: =D9-D8 -> 9980 | E10: =E9-E8 -> 12712 | F10: =F9-F8 -> 12860 | G10: =G9-G8 -> 19461 | H10: =H9-H8 -> 5837 | I10: =I9-I8 -> 11117 | J10: =J9-J8 -> 11145 | ... L10: =L9-L8 -> 9899
A11: Range (percentage of Min) | C11: =C10/C8 -> 0.042908015 | D11: =D10/D8 -> 0.019533697 | E11: =E10/E8 -> 0.024981724 | F11: =F10/F8 -> 0.025319197 | G11: =G10/G8 -> 0.038447633 | H11: =H10/H8 -> 0.011346671 | I11: =I10/I8 -> 0.02169467 | J11: =J10/J8 -> 0.021720997 | ... L11: =L10/L8 -> 0.019250066
A12: Smallest Range (Tightest Execution) (%) | C12: =MIN(C11:L11) -> 0.011346671
A13: Largest Range (Loosest Execution) (%) | C13: =MAX(C11:L11) -> 0.042908015
A14: Average Range (%) | C14: =AVERAGE(C11:L11) -> 0.025373806
A15: Overall Average No. Of Iterations | C15: =AVERAGE(C7:L7) -> 516245.67
B17: Experiment 16.vi with inline VIs (DDS "Case 2: Inline VIs")
B18: No. | C18: No. Of Iterations Block Of Text - Run 1 | D18: No. Of Iterations Block Of Text - Run 2 | E18: No. Of Iterations Block Of Text - Run 3 | F18: No. Of Iterations Block Of Text - Run 4 | G18: No. Of Iterations Block Of Text - Run 5 | H18: No. Of Iterations Block Of Text - Run 6 | I18: No. Of Iterations Block Of Text - Run 7 | J18: No. Of Iterations Block Of Text - Run 8 | K18: No. Of Iterations Block Of Text - Run 9 | L18: No. Of Iterations Block Of Text - Run 10
B19: 1 | C19: 554794 | D19: 545694 | E19: 548246 | F19: 549899 | G19: 555123 | H19: 558573 | I19: 555215 | J19: 548895 | K19: 552680 | L19: 535123
B20: 2 | C20: 552664 | D20: 552246 | E20: 552756 | F20: 551646 | G20: 558116 | H20: 553217 | I20: 549300 | J20: 555240 | K20: 543923 | L20: 534339
B21: 3 | C21: 549060 | D21: 554189 | E21: 545496 | F21: 554345 | G21: 562822 | H21: 554746 | I21: 555112 | J21: 559017 | K21: 553412 | L21: 538834
B22: 4 | C22: 543834 | D22: 549022 | E22: 542126 | F22: 553758 | G22: 553324 | H22: 555391 | I22: 548555 | J22: 550249 | K22: 551969 | L22: 544346
A23: Avg No. Of Iterations | C23: =AVERAGE(Table1456789102341112131521[No. Of Iterations Block Of Text - Run 1]) -> 550088 | D23: =AVERAGE(Table1456789102341112131521[No. Of Iterations Block Of Text - Run 2]) -> 550287.75 | E23: =AVERAGE(Table1456789102341112131521[No. Of Iterations Block Of Text - Run 3]) -> 547156 | F23: =AVERAGE(Table1456789102341112131521[No. Of Iterations Block Of Text - Run 4]) -> 552412 | G23: =AVERAGE(Table1456789102341112131521[No. Of Iterations Block Of Text - Run 5]) -> 557346.25 | H23: =AVERAGE(Table1456789102341112131521[No. Of Iterations Block Of Text - Run 6]) -> 555481.75 | I23: =AVERAGE(Table1456789102341112131521[No. Of Iterations Block Of Text - Run 7]) -> 552045.5 | J23: =AVERAGE(Table1456789102341112131521[No. Of Iterations Block Of Text - Run 8]) -> 553350.25 | K23: =AVERAGE(Table1456789102341112131521[No. Of Iterations Block Of Text - Run 9]) -> 550496 | L23: =AVERAGE(Table1456789102341112131521[No. Of Iterations Block Of Text - Run 10]) -> 538160.5
A24: Min No. Of Iterations | C24: =MIN(Table1456789102341112131521[No. Of Iterations Block Of Text - Run 1]) -> 543834 | D24: =MIN(Table1456789102341112131521[No. Of Iterations Block Of Text - Run 2]) -> 545694 | E24: =MIN(Table1456789102341112131521[No. Of Iterations Block Of Text - Run 3]) -> 542126 | F24: =MIN(Table1456789102341112131521[No. Of Iterations Block Of Text - Run 4]) -> 549899 | G24: =MIN(Table1456789102341112131521[No. Of Iterations Block Of Text - Run 5]) -> 553324 | H24: =MIN(Table1456789102341112131521[No. Of Iterations Block Of Text - Run 6]) -> 553217 | I24: =MIN(Table1456789102341112131521[No. Of Iterations Block Of Text - Run 7]) -> 548555 | J24: =MIN(Table1456789102341112131521[No. Of Iterations Block Of Text - Run 8]) -> 548895 | K24: =MIN(Table1456789102341112131521[No. Of Iterations Block Of Text - Run 9]) -> 543923 | L24: =MIN(Table1456789102341112131521[No. Of Iterations Block Of Text - Run 10]) -> 534339
A25: Max No. Of Iterations | C25: =MAX(Table1456789102341112131521[No. Of Iterations Block Of Text - Run 1]) -> 554794 | D25: =MAX(Table1456789102341112131521[No. Of Iterations Block Of Text - Run 2]) -> 554189 | E25: =MAX(Table1456789102341112131521[No. Of Iterations Block Of Text - Run 3]) -> 552756 | F25: =MAX(Table1456789102341112131521[No. Of Iterations Block Of Text - Run 4]) -> 554345 | G25: =MAX(Table1456789102341112131521[No. Of Iterations Block Of Text - Run 5]) -> 562822 | H25: =MAX(Table1456789102341112131521[No. Of Iterations Block Of Text - Run 6]) -> 558573 | I25: =MAX(Table1456789102341112131521[No. Of Iterations Block Of Text - Run 7]) -> 555215 | J25: =MAX(Table1456789102341112131521[No. Of Iterations Block Of Text - Run 8]) -> 559017 | K25: =MAX(Table1456789102341112131521[No. Of Iterations Block Of Text - Run 9]) -> 553412 | L25: =MAX(Table1456789102341112131521[No. Of Iterations Block Of Text - Run 10]) -> 544346
A26: Range (Max - Min) | C26: =C25-C24 -> 10960 | D26: =D25-D24 -> 8495 | E26: =E25-E24 -> 10630 | F26: =F25-F24 -> 4446 | G26: =G25-G24 -> 9498 | H26: =H25-H24 -> 5356 | I26: =I25-I24 -> 6660 | J26: =J25-J24 -> 10122 | ... L26: =L25-L24 -> 10007
A27: Range (percentage of Min) | C27: =C26/C24 -> 0.020153209 | D27: =D26/D24 -> 0.015567333 | E27: =E26/E24 -> 0.019607988 | F27: =F26/F24 -> 0.0080851211 | G27: =G26/G24 -> 0.01716535 | H27: =H26/H24 -> 0.0096815535 | I27: =I26/I24 -> 0.012140989 | J27: =J26/J24 -> 0.018440685 | ... L27: =L26/L24 -> 0.018727811
A28: Smallest Range (Tightest Execution) (%) | C28: =MIN(C27:L27) -> 0.0080851211
A29: Largest Range (Loosest Execution) (%) | C29: =MAX(C27:L27) -> 0.020153209
A30: Average Range (%) | C30: =AVERAGE(C27:L27) -> 0.015701552
A31: Overall Average No. Of Iterations | C31: =AVERAGE(C23:L23) -> 550682.4

Sheet Exp17
B1: Experiment 17.vi with subroutine VIs (DDS "Case 1: Subroutines")
B2: No. | C2: No. Of Iterations Block Of Text - Run 1 | D2: No. Of Iterations Block Of Text - Run 2 | E2: No. Of Iterations Block Of Text - Run 3 | F2: No. Of Iterations Block Of Text - Run 4 | G2: No. Of Iterations Block Of Text - Run 5 | H2: No. Of Iterations Block Of Text - Run 6 | I2: No. Of Iterations Block Of Text - Run 7 | J2: No. Of Iterations Block Of Text - Run 8 | K2: No. Of Iterations Block Of Text - Run 9 | L2: No. Of Iterations Block Of Text - Run 10
B3: 1 | C3: 307207 | D3: 314225 | E3: 295322 | F3: 312466 | G3: 323485 | H3: 334451 | I3: 333337 | J3: 345797 | K3: 356583 | L3: 313313
B4: 2 | C4: 354929 | D4: 336554 | E4: 334456 | F4: 306711 | G4: 314948 | H4: 346503 | I4: 300777 | J4: 353808 | K4: 343497 | L4: 363377
B5: 3 | C5: 371388 | D5: 331256 | E5: 380727 | F5: 356752 | G5: 339828 | H5: 330245 | I5: 349643 | J5: 339764 | K5: 293115 | L5: 335500
B6: 4 | C6: 340462 | D6: 327722 | E6: 338027 | F6: 325490 | G6: 360229 | H6: 326675 | I6: 302714 | J6: 354336 | K6: 337777 | L6: 357699
B7: 5 | C7: 318146 | D7: 333633 | E7: 336628 | F7: 335783 | G7: 344436 | H7: 294037 | I7: 326818 | J7: 369807 | K7: 337848 | L7: 358432
B8: 6 | C8: 368084 | D8: 295318 | E8: 329156 | F8: 330929 | G8: 350899 | H8: 356368 | I8: 313691 | J8: 353810 | K8: 326939 | L8: 305070
B9: 7 | C9: 312390 | D9: 333344 | E9: 330445 | F9: 355237 | G9: 327546 | H9: 346822 | I9: 352005 | J9: 303776 | K9: 361016 | L9: 361331
B10: 8 | C10: 338344 | D10: 334395 | E10: 297582 | F10: 340994 | G10: 369226 | H10: 268139 | I10: 337235 | J10: 339242 | K10: 340693 | L10: 347313
B11: 9 | C11: 346802 | D11: 313185 | E11: 340194 | F11: 323455 | G11: 336289 | H11: 363135 | I11: 303451 | J11: 330679 | K11: 307369 | L11: 331269
B12: 10 | C12: 310787 | D12: 332277 | E12: 347325 | F12: 333108 | G12: 335363 | H12: 310347 | I12: 348561 | J12: 314484 | K12: 317381 | L12: 331267
A13: Avg No. Of Iterations | C13: =AVERAGE(Table145678910234111224[No. Of Iterations Block Of Text - Run 1]) -> 336853.9 | D13: =AVERAGE(Table145678910234111224[No. Of Iterations Block Of Text - Run 2]) -> 325190.9 | E13: =AVERAGE(Table145678910234111224[No. Of Iterations Block Of Text - Run 3]) -> 332986.2 | F13: =AVERAGE(Table145678910234111224[No. Of Iterations Block Of Text - Run 4]) -> 332092.5 | G13: =AVERAGE(Table145678910234111224[No. Of Iterations Block Of Text - Run 5]) -> 340224.9 | H13: =AVERAGE(Table145678910234111224[No. Of Iterations Block Of Text - Run 6]) -> 327672.2 | I13: =AVERAGE(Table145678910234111224[No. Of Iterations Block Of Text - Run 7]) -> 326823.2 | J13: =AVERAGE(Table145678910234111224[No. Of Iterations Block Of Text - Run 8]) -> 340550.3 | K13: =AVERAGE(Table145678910234111224[No. Of Iterations Block Of Text - Run 9]) -> 332221.8 | L13: =AVERAGE(Table145678910234111224[No. Of Iterations Block Of Text - Run 10]) -> 340457.1
A14: Min No. Of Iterations | C14: =MIN(Table145678910234111224[No. Of Iterations Block Of Text - Run 1]) -> 307207 | D14: =MIN(Table145678910234111224[No. Of Iterations Block Of Text - Run 2]) -> 295318 | E14: =MIN(Table145678910234111224[No. Of Iterations Block Of Text - Run 3]) -> 295322 | F14: =MIN(Table145678910234111224[No. Of Iterations Block Of Text - Run 4]) -> 306711 | G14: =MIN(Table145678910234111224[No. Of Iterations Block Of Text - Run 5]) -> 314948 | H14: =MIN(Table145678910234111224[No. Of Iterations Block Of Text - Run 6]) -> 268139 | I14: =MIN(Table145678910234111224[No. Of Iterations Block Of Text - Run 7]) -> 300777 | J14: =MIN(Table145678910234111224[No. Of Iterations Block Of Text - Run 8]) -> 303776 | K14: =MIN(Table145678910234111224[No. Of Iterations Block Of Text - Run 9]) -> 293115 | L14: =MIN(Table145678910234111224[No. Of Iterations Block Of Text - Run 10]) -> 305070
A15: Max No. Of Iterations | C15: =MAX(Table145678910234111224[No. Of Iterations Block Of Text - Run 1]) -> 371388 | D15: =MAX(Table145678910234111224[No. Of Iterations Block Of Text - Run 2]) -> 336554 | E15: =MAX(Table145678910234111224[No. Of Iterations Block Of Text - Run 3]) -> 380727 | F15: =MAX(Table145678910234111224[No. Of Iterations Block Of Text - Run 4]) -> 356752 | G15: =MAX(Table145678910234111224[No. Of Iterations Block Of Text - Run 5]) -> 369226 | H15: =MAX(Table145678910234111224[No. Of Iterations Block Of Text - Run 6]) -> 363135 | I15: =MAX(Table145678910234111224[No. Of Iterations Block Of Text - Run 7]) -> 352005 | J15: =MAX(Table145678910234111224[No. Of Iterations Block Of Text - Run 8]) -> 369807 | K15: =MAX(Table145678910234111224[No. Of Iterations Block Of Text - Run 9]) -> 361016 | L15: =MAX(Table145678910234111224[No. Of Iterations Block Of Text - Run 10]) -> 363377
A16: Range (Max - Min) | C16: =C15-C14 -> 64181 | D16: =D15-D14 -> 41236 | E16: =E15-E14 -> 85405 | F16: =F15-F14 -> 50041 | G16: =G15-G14 -> 54278 | H16: =H15-H14 -> 94996 | I16: =I15-I14 -> 51228 | J16: =J15-J14 -> 66031 | ... L16: =L15-L14 -> 58307
A17: Range (percentage of Min) | C17: =C16/C14 -> 0.20891777 | D17: =D16/D14 -> 0.13963253 | E17: =E16/E14 -> 0.28919281 | F17: =F16/F14 -> 0.16315359 | G17: =G16/G14 -> 0.17233956 | H17: =H16/H14 -> 0.35427894 | I17: =I16/I14 -> 0.17031887 | J17: =J16/J14 -> 0.2173674 | ... L17: =L16/L14 -> 0.19112663
A18: Smallest Range (Tightest Execution) (%) | C18: =MIN(C17:L17) -> 0.13963253
A19: Largest Range (Loosest Execution) (%) | C19: =MAX(C17:L17) -> 0.35427894
A20: Average Range (%) | C20: =AVERAGE(C17:L17) -> 0.21379812
A21: Overall Average No. Of Iterations | C21: =AVERAGE(C13:L13) -> 333507.3
B23: Experiment 17.vi with inline VIs (DDS "Case 2: Inline VIs")
B24: No. | C24: No. Of Iterations Block Of Text - Run 1 | D24: No. Of Iterations Block Of Text - Run 2 | E24: No. Of Iterations Block Of Text - Run 3 | F24: No. Of Iterations Block Of Text - Run 4 | G24: No. Of Iterations Block Of Text - Run 5 | H24: No. Of Iterations Block Of Text - Run 6 | I24: No. Of Iterations Block Of Text - Run 7 | J24: No. Of Iterations Block Of Text - Run 8 | K24: No. Of Iterations Block Of Text - Run 9 | L24: No. Of Iterations Block Of Text - Run 10
B25: 1 | C25: 339746 | D25: 329027 | E25: 367524 | F25: 328187 | G25: 356320 | H25: 343432 | I25: 348723 | J25: 374244 | K25: 350540 | L25: 364914
B26: 2 | C26: 344445 | D26: 361629 | E26: 358075 | F26: 373498 | G26: 335936 | H26: 350969 | I26: 346539 | J26: 355067 | K26: 356398 | L26: 380967
B27: 3 | C27: 362813 | D27: 305887 | E27: 392378 | F27: 379267 | G27: 333293 | H27: 349587 | I27: 370230 | J27: 352954 | K27: 360086 | L27: 347181
B28: 4 | C28: 356464 | D28: 348144 | E28: 325720 | F28: 379332 | G28: 380274 | H28: 389689 | I28: 314758 | J28: 356992 | K28: 366721 | L28: 360294
B29: 5 | C29: 372486 | D29: 377324 | E29: 338449 | F29: 359828 | G29: 333384 | H29: 347978 | I29: 329974 | J29: 379129 | K29: 345900 | L29: 379554
B30: 6 | C30: 319521 | D30: 375775 | E30: 341437 | F30: 335359 | G30: 367586 | H30: 355575 | I30: 345395 | J30: 301105 | K30: 292506 | L30: 345579
B31: 7 | C31: 351867 | D31: 360051 | E31: 384267 | F31: 322107 | G31: 333215 | H31: 346816 | I31: 342057 | J31: 374404 | K31: 344972 | L31: 367661
B32: 8 | C32: 360415 | D32: 343180 | E32: 372696 | F32: 330011 | G32: 340046 | H32: 366747 | I32: 336777 | J32: 380744 | K32: 383934 | L32: 332152
B33: 9 | C33: 348902 | D33: 373203 | E33: 314918 | F33: 342262 | G33: 355388 | H33: 363839 | I33: 350138 | J33: 296171 | K33: 362480 | L33: 382286
B34: 10 | C34: 326463 | D34: 382246 | E34: 373298 | F34: 369253 | G34: 362980 | H34: 344975 | I34: 389330 | J34: 334506 | K34: 378469 | L34: 360190
A35: Avg No. Of Iterations | C35: =AVERAGE(Table14567891023411121325[No. Of Iterations Block Of Text - Run 1]) -> 348312.2 | D35: =AVERAGE(Table14567891023411121325[No. Of Iterations Block Of Text - Run 2]) -> 355646.6 | E35: =AVERAGE(Table14567891023411121325[No. Of Iterations Block Of Text - Run 3]) -> 356876.2 | F35: =AVERAGE(Table14567891023411121325[No. Of Iterations Block Of Text - Run 4]) -> 351910.4 | G35: =AVERAGE(Table14567891023411121325[No. Of Iterations Block Of Text - Run 5]) -> 349842.2 | H35: =AVERAGE(Table14567891023411121325[No. Of Iterations Block Of Text - Run 6]) -> 355960.7 | I35: =AVERAGE(Table14567891023411121325[No. Of Iterations Block Of Text - Run 7]) -> 347392.1 | J35: =AVERAGE(Table14567891023411121325[No. Of Iterations Block Of Text - Run 8]) -> 350531.6 | K35: =AVERAGE(Table14567891023411121325[No. Of Iterations Block Of Text - Run 9]) -> 354200.6 | L35: =AVERAGE(Table14567891023411121325[No. Of Iterations Block Of Text - Run 10]) -> 362077.8
A36: Min No. Of Iterations | C36: =MIN(Table14567891023411121325[No. Of Iterations Block Of Text - Run 1]) -> 319521 | D36: =MIN(Table14567891023411121325[No. Of Iterations Block Of Text - Run 2]) -> 305887 | E36: =MIN(Table14567891023411121325[No. Of Iterations Block Of Text - Run 3]) -> 314918 | F36: =MIN(Table14567891023411121325[No. Of Iterations Block Of Text - Run 4]) -> 322107 | G36: =MIN(Table14567891023411121325[No. Of Iterations Block Of Text - Run 5]) -> 333215 | H36: =MIN(Table14567891023411121325[No. Of Iterations Block Of Text - Run 6]) -> 343432 | I36: =MIN(Table14567891023411121325[No. Of Iterations Block Of Text - Run 7]) -> 314758 | J36: =MIN(Table14567891023411121325[No. Of Iterations Block Of Text - Run 8]) -> 296171 | K36: =MIN(Table14567891023411121325[No. Of Iterations Block Of Text - Run 9]) -> 292506 | L36: =MIN(Table14567891023411121325[No. Of Iterations Block Of Text - Run 10]) -> 332152
A37: Max No. Of Iterations | C37: =MAX(Table14567891023411121325[No. Of Iterations Block Of Text - Run 1]) -> 372486 | D37: =MAX(Table14567891023411121325[No. Of Iterations Block Of Text - Run 2]) -> 382246 | E37: =MAX(Table14567891023411121325[No. Of Iterations Block Of Text - Run 3]) -> 392378 | F37: =MAX(Table14567891023411121325[No. Of Iterations Block Of Text - Run 4]) -> 379332 | G37: =MAX(Table14567891023411121325[No. Of Iterations Block Of Text - Run 5]) -> 380274 | H37: =MAX(Table14567891023411121325[No. Of Iterations Block Of Text - Run 6]) -> 389689 | I37: =MAX(Table14567891023411121325[No. Of Iterations Block Of Text - Run 7]) -> 389330 | J37: =MAX(Table14567891023411121325[No. Of Iterations Block Of Text - Run 8]) -> 380744 | K37: =MAX(Table14567891023411121325[No. Of Iterations Block Of Text - Run 9]) -> 383934 | L37: =MAX(Table14567891023411121325[No. Of Iterations Block Of Text - Run 10]) -> 382286
A38: Range (Max - Min) | C38: =C37-C36 -> 52965 | D38: =D37-D36 -> 76359 | E38: =E37-E36 -> 77460 | F38: =F37-F36 -> 57225 | G38: =G37-G36 -> 47059 | H38: =H37-H36 -> 46257 | I38: =I37-I36 -> 74572 | J38: =J37-J36 -> 84573 | ... L38: =L37-L36 -> 50134
A39: Range (percentage of Min) | C39: =C38/C36 -> 0.16576375 | D39: =D38/D36 -> 0.2496314 | E39: =E38/E36 -> 0.24596879 | F39: =F38/F36 -> 0.17765836 | G39: =G38/G36 -> 0.14122714 | H39: =H38/H36 -> 0.13469042 | I39: =I38/I36 -> 0.23691852 | J39: =J38/J36 -> 0.28555463 | ... L39: =L38/L36 -> 0.15093692
A40: Smallest Range (Tightest Execution) (%) | C40: =MIN(C39:L39) -> 0.13469042
A41: Largest Range (Loosest Execution) (%) | C41: =MAX(C39:L39) -> 0.31256795
A42: Average Range (%) | C42: =AVERAGE(C39:L39) -> 0.21009179
A43: Overall Average No. Of Iterations | C43: =AVERAGE(C35:L35) -> 353275.04

Sheet Exp18
B1: Experiment 18.vi with subroutine VIs (DDS "Case 1: Subroutines")
B2: No. | C2: No. Of Iterations Block Of Text - Run 1 | D2: No. Of Iterations Block Of Text - Run 2 | E2: No. Of Iterations Block Of Text - Run 3 | F2: No. Of Iterations Block Of Text - Run 4 | G2: No. Of Iterations Block Of Text - Run 5 | H2: No. Of Iterations Block Of Text - Run 6 | I2: No. Of Iterations Block Of Text - Run 7 | J2: No. Of Iterations Block Of Text - Run 8 | K2: No. Of Iterations Block Of Text - Run 9 | L2: No. Of Iterations Block Of Text - Run 10
B3: 1 | C3: 414903 | D3: 399405 | E3: 393932 | F3: 397309 | G3: 411001 | H3: 411852 | I3: 403451 | J3: 410582 | K3: 410654 | L3: 406697
B4: 2 | C4: 400095 | D4: 396731 | E4: 399486 | F4: 407981 | G4: 409150 | H4: 411044 | I4: 399816 | J4: 396405 | K4: 407815 | L4: 404012
B5: 3 | C5: 403750 | D5: 394861 | E5: 393459 | F5: 398931 | G5: 397386 | H5: 398551 | I5: 388554 | J5: 401317 | K5: 394045 | L5: 408348
B6: 4 | C6: 406741 | D6: 392852 | E6: 404791 | F6: 409769 | G6: 407081 | H6: 393380 | I6: 387856 | J6: 393282 | K6: 392189 | L6: 391786
B7: 5 | C7: 413862 | D7: 392290 | E7: 403266 | F7: 395215 | G7: 393474 | H7: 393996 | I7: 402937 | J7: 411841 | K7: 406581 | L7: 405496
B8: 6 | C8: 414400 | D8: 394026 | E8: 407430 | F8: 407550 | G8: 411481 | H8: 405714 | I8: 402089 | J8: 413286 | K8: 392270 | L8: 390981
B9: 7 | C9: 400860 | D9: 396600 | E9: 389556 | F9: 394423 | G9: 393120 | H9: 402652 | I9: 390403 | J9: 409865 | K9: 395948 | L9: 388324
B10: 8 | C10: 415340 | D10: 385537 | E10: 395075 | F10: 412629 | G10: 397062 | H10: 396919 | I10: 387310 | J10: 400752 | K10: 395670 | L10: 395215
A11: Avg No. Of Iterations | C11: =AVERAGE(Table145678910234111228[No. Of Iterations Block Of Text - Run 1]) -> 408743.88 | D11: =AVERAGE(Table145678910234111228[No. Of Iterations Block Of Text - Run 2]) -> 394037.75 | E11: =AVERAGE(Table145678910234111228[No. Of Iterations Block Of Text - Run 3]) -> 398374.38 | F11: =AVERAGE(Table145678910234111228[No. Of Iterations Block Of Text - Run 4]) -> 402975.88 | G11: =AVERAGE(Table145678910234111228[No. Of Iterations Block Of Text - Run 5]) -> 402469.38 | H11: =AVERAGE(Table145678910234111228[No. Of Iterations Block Of Text - Run 6]) -> 401763.5 | I11: =AVERAGE(Table145678910234111228[No. Of Iterations Block Of Text - Run 7]) -> 395302 | J11: =AVERAGE(Table145678910234111228[No. Of Iterations Block Of Text - Run 8]) -> 404666.25 | K11: =AVERAGE(Table145678910234111228[No. Of Iterations Block Of Text - Run 9]) -> 399396.5 | L11: =AVERAGE(Table145678910234111228[No. Of Iterations Block Of Text - Run 10]) -> 398857.38
A12: Min No. Of Iterations | C12: =MIN(Table145678910234111228[No. Of Iterations Block Of Text - Run 1]) -> 400095 | D12: =MIN(Table145678910234111228[No. Of Iterations Block Of Text - Run 2]) -> 385537 | E12: =MIN(Table145678910234111228[No. Of Iterations Block Of Text - Run 3]) -> 389556 | F12: =MIN(Table145678910234111228[No. Of Iterations Block Of Text - Run 4]) -> 394423 | G12: =MIN(Table145678910234111228[No. Of Iterations Block Of Text - Run 5]) -> 393120 | H12: =MIN(Table145678910234111228[No. Of Iterations Block Of Text - Run 6]) -> 393380 | I12: =MIN(Table145678910234111228[No. Of Iterations Block Of Text - Run 7]) -> 387310 | J12: =MIN(Table145678910234111228[No. Of Iterations Block Of Text - Run 8]) -> 393282 | K12: =MIN(Table145678910234111228[No. Of Iterations Block Of Text - Run 9]) -> 392189 | L12: =MIN(Table145678910234111228[No. Of Iterations Block Of Text - Run 10]) -> 388324
A13: Max No. Of Iterations | C13: =MAX(Table145678910234111228[No. Of Iterations Block Of Text - Run 1]) -> 415340 | D13: =MAX(Table145678910234111228[No. Of Iterations Block Of Text - Run 2]) -> 399405 | E13: =MAX(Table145678910234111228[No. Of Iterations Block Of Text - Run 3]) -> 407430 | F13: =MAX(Table145678910234111228[No. Of Iterations Block Of Text - Run 4]) -> 412629 | G13: =MAX(Table145678910234111228[No. Of Iterations Block Of Text - Run 5]) -> 411481 | H13: =MAX(Table145678910234111228[No. Of Iterations Block Of Text - Run 6]) -> 411852 | I13: =MAX(Table145678910234111228[No. Of Iterations Block Of Text - Run 7]) -> 403451 | J13: =MAX(Table145678910234111228[No. Of Iterations Block Of Text - Run 8]) -> 413286 | K13: =MAX(Table145678910234111228[No. Of Iterations Block Of Text - Run 9]) -> 410654 | L13: =MAX(Table145678910234111228[No. Of Iterations Block Of Text - Run 10]) -> 408348
A14: Range (Max - Min) | C14: =C13-C12 -> 15245 | D14: =D13-D12 -> 13868 | E14: =E13-E12 -> 17874 | F14: =F13-F12 -> 18206 | G14: =G13-G12 -> 18361 | H14: =H13-H12 -> 18472 | I14: =I13-I12 -> 16141 | J14: =J13-J12 -> 20004 | ... L14: =L13-L12 -> 20024
A15: Range (percentage of Min) | C15: =C14/C12 -> 0.03810345 | D15: =D14/D12 -> 0.035970607 | E15: =E14/E12 -> 0.045883005 | F15: =F14/F12 -> 0.046158566 | G15: =G14/G12 -> 0.04670584 | H15: =H14/H12 -> 0.046957141 | I15: =I14/I12 -> 0.041674628 | J15: =J14/J12 -> 0.050864265 | ... L15: =L14/L12 -> 0.051565188
A16: Smallest Range (Tightest Execution) (%) | C16: =MIN(C15:L15) -> 0.035970607
A17: Largest Range (Loosest Execution) (%) | C17: =MAX(C15:L15) -> 0.051565188
A18: Average Range (%) | C18: =AVERAGE(C15:L15) -> 0.045096458
A19: Overall Average No. Of Iterations | C19: =AVERAGE(C11:L11) -> 400658.69
B21: Experiment 18.vi with inline VIs (DDS "Case 2: Inline VIs")
B22: No. | C22: No. Of Iterations Block Of Text - Run 1 | D22: No. Of Iterations Block Of Text - Run 2 | E22: No. Of Iterations Block Of Text - Run 3 | F22: No. Of Iterations Block Of Text - Run 4 | G22: No. Of Iterations Block Of Text - Run 5 | H22: No. Of Iterations Block Of Text - Run 6 | I22: No. Of Iterations Block Of Text - Run 7 | J22: No. Of Iterations Block Of Text - Run 8 | K22: No. Of Iterations Block Of Text - Run 9 | L22: No. Of Iterations Block Of Text - Run 10
B23: 1 | C23: 450861 | D23: 444625 | E23: 437525 | F23: 426847 | G23: 427679 | H23: 436953 | I23: 421288 | J23: 445963 | K23: 441552 | L23: 440840
B24: 2 | C24: 446820 | D24: 443553 | E24: 432636 | F24: 418743 | G24: 422837 | H24: 418216 | I24: 441349 | J24: 424639 | K24: 445921 | L24: 427005
B25: 3 | C25: 432103 | D25: 429652 | E25: 438726 | F25: 434014 | G25: 428558 | H25: 432316 | I25: 419872 | J25: 427187 | K25: 429679 | L25: 425037
B26: 4 | C26: 432197 | D26: 428751 | E26: 431082 | F26: 436642 | G26: 430741 | H26: 423151 | I26: 421966 | J26: 441276 | K26: 427991 | L26: 441781
B27: 5 | C27: 448891 | D27: 443085 | E27: 442222 | F27: 429780 | G27: 447774 | H27: 437536 | I27: 443258 | J27: 441271 | K27: 443170 | L27: 441723
B28: 6 | C28: 448028 | D28: 444900 | E28: 442969 | F28: 443500 | G28: 447402 | H28: 436838 | I28: 441907 | J28: 444803 | K28: 429660 | L28: 427497
B29: 7 | C29: 432660 | D29: 427356 | E29: 425539 | F29: 440908 | G29: 446501 | H29: 419265 | I29: 433525 | J29: 432055 | K29: 439000 | L29: 441239
B30: 8 | C30: 436473 | D30: 431000 | E30: 424116 | F30: 438194 | G30: 443816 | H30: 422778 | I30: 423237 | J30: 425506 | K30: 435055 | L30: 424755
A31: Avg No. Of Iterations | C31: =AVERAGE(Table14567891023411121329[No. Of Iterations Block Of Text - Run 1]) -> 441004.12 | D31: =AVERAGE(Table14567891023411121329[No. Of Iterations Block Of Text - Run 2]) -> 436615.25 | E31: =AVERAGE(Table14567891023411121329[No. Of Iterations Block Of Text - Run 3]) -> 434351.88 | F31: =AVERAGE(Table14567891023411121329[No. Of Iterations Block Of Text - Run 4]) -> 433578.5 | G31: =AVERAGE(Table14567891023411121329[No. Of Iterations Block Of Text - Run 5]) -> 436913.5 | H31: =AVERAGE(Table14567891023411121329[No. Of Iterations Block Of Text - Run 6]) -> 428381.62 | I31: =AVERAGE(Table14567891023411121329[No. Of Iterations Block Of Text - Run 7]) -> 430800.25 | J31: =AVERAGE(Table14567891023411121329[No. Of Iterations Block Of Text - Run 8]) -> 435337.5 | K31: =AVERAGE(Table14567891023411121329[No. Of Iterations Block Of Text - Run 9]) -> 436503.5 | L31: =AVERAGE(Table14567891023411121329[No. Of Iterations Block Of Text - Run 10]) -> 433734.62
A32: Min No. Of Iterations | C32: =MIN(Table14567891023411121329[No. Of Iterations Block Of Text - Run 1]) -> 432103 | D32: =MIN(Table14567891023411121329[No. Of Iterations Block Of Text - Run 2]) -> 427356 | E32: =MIN(Table14567891023411121329[No. Of Iterations Block Of Text - Run 3]) -> 424116 | F32: =MIN(Table14567891023411121329[No. Of Iterations Block Of Text - Run 4]) -> 418743 | G32: =MIN(Table14567891023411121329[No. Of Iterations Block Of Text - Run 5]) -> 422837 | H32: =MIN(Table14567891023411121329[No. Of Iterations Block Of Text - Run 6]) -> 418216 | I32: =MIN(Table14567891023411121329[No. Of Iterations Block Of Text - Run 7]) -> 419872 | J32: =MIN(Table14567891023411121329[No. Of Iterations Block Of Text - Run 8]) -> 424639 | K32: =MIN(Table14567891023411121329[No. Of Iterations Block Of Text - Run 9]) -> 427991 | L32: =MIN(Table14567891023411121329[No. Of Iterations Block Of Text - Run 10]) -> 424755
A33: Max No. Of Iterations | C33: =MAX(Table14567891023411121329[No. Of Iterations Block Of Text - Run 1]) -> 450861 | D33: =MAX(Table14567891023411121329[No. Of Iterations Block Of Text - Run 2]) -> 444900 | E33: =MAX(Table14567891023411121329[No. Of Iterations Block Of Text - Run 3]) -> 442969 | F33: =MAX(Table14567891023411121329[No. Of Iterations Block Of Text - Run 4]) -> 443500 | G33: =MAX(Table14567891023411121329[No. Of Iterations Block Of Text - Run 5]) -> 447774 | H33: =MAX(Table14567891023411121329[No. Of Iterations Block Of Text - Run 6]) -> 437536 | I33: =MAX(Table14567891023411121329[No. Of Iterations Block Of Text - Run 7]) -> 443258 | J33: =MAX(Table14567891023411121329[No. Of Iterations Block Of Text - Run 8]) -> 445963 | K33: =MAX(Table14567891023411121329[No. Of Iterations Block Of Text - Run 9]) -> 445921 | L33: =MAX(Table14567891023411121329[No. Of Iterations Block Of Text - Run 10]) -> 441781
A34: Range (Max - Min) | C34: =C33-C32 -> 18758 | D34: =D33-D32 -> 17544 | E34: =E33-E32 -> 18853 | F34: =F33-F32 -> 24757 | G34: =G33-G32 -> 24937 | H34: =H33-H32 -> 19320 | I34: =I33-I32 -> 23386 | J34: =J33-J32 -> 21324 | ... L34: =L33-L32 -> 17026
A35: Range (percentage of Min) | C35: =C34/C32 -> 0.043410946 | D35: =D34/D32 -> 0.041052425 | E35: =E34/E32 -> 0.044452461 | F35: =F34/F32 -> 0.059122182 | G35: =G34/G32 -> 0.058975444 | H35: =H34/H32 -> 0.046196224 | I35: =I34/I32 -> 0.055697927 | J35: =J34/J32 -> 0.050216772 | ... L35: =L34/L32 -> 0.040084284
A36: Smallest Range (Tightest Execution) (%) | C36: =MIN(C35:L35) -> 0.040084284
A37: Largest Range (Loosest Execution) (%) | C37: =MAX(C35:L35) -> 0.059122182
A38: Average Range (%) | C38: =AVERAGE(C35:L35) -> 0.048110207
A39: Overall Average No. Of Iterations | C39: =AVERAGE(C31:L31) -> 434722.08

Sheet Exp19
B1: Experiment 19.vi with subroutine VIs (DDS "Case 1: Subroutines")
B2: No. | C2: No. Of Iterations Block Of Text - Run 1 | D2: No. Of Iterations Block Of Text - Run 2 | E2: No. Of Iterations Block Of Text - Run 3 | F2: No. Of Iterations Block Of Text - Run 4 | G2: No. Of Iterations Block Of Text - Run 5 | H2: No. Of Iterations Block Of Text - Run 6 | I2: No. Of Iterations Block Of Text - Run 7 | J2: No. Of Iterations Block Of Text - Run 8 | K2: No. Of Iterations Block Of Text - Run 9 | L2: No. Of Iterations Block Of Text - Run 10
B3: 1 | C3: 223797 | D3: 231957 | E3: 214418 | F3: 246418 | G3: 231902 | H3: 242457 | I3: 227009 | J3: 227620 | K3: 212960 | L3: 243149
B4: 2 | C4: 237199 | D4: 228223 | E4: 217839 | F4: 229035 | G4: 213988 | H4: 235671 | I4: 235745 | J4: 215658 | K4: 213380 | L4: 246626
B5: 3 | C5: 215607 | D5: 213016 | E5: 229951 | F5: 215070 | G5: 243371 | H5: 234835 | I5: 267437 | J5: 241019 | K5: 226210 | L5: 234828
B6: 4 | C6: 264699 | D6: 218787 | E6: 225193 | F6: 248941 | G6: 247630 | H6: 222750 | I6: 244717 | J6: 226111 | K6: 268343 | L6: 223375
B7: 5 | C7: 239239 | D7: 247859 | E7: 216205 | F7: 238280 | G7: 229294 | H7: 225167 | I7: 211772 | J7: 208012 | K7: 243721 | L7: 245683
B8: 6 | C8: 226442 | D8: 245281 | E8: 239675 | F8: 234215 | G8: 241092 | H8: 226017 | I8: 207341 | J8: 244213 | K8: 223234 | L8: 236676
B9: 7 | C9: 228217 | D9: 239709 | E9: 224293 | F9: 237112 | G9: 234999 | H9: 241641 | I9: 222312 | J9: 231560 | K9: 222256 | L9: 246529
B10: 8 | C10: 209405 | D10: 225454 | E10: 217253 | F10: 269368 | G10: 228138 | H10: 211402 | I10: 241511 | J10: 219004 | K10: 232155 | L10: 243253
B11: 9 | C11: 232591 | D11: 219057 | E11: 226439 | F11: 237765 | G11: 258920 | H11: 260999 | I11: 247253 | J11: 249511 | K11: 241600 | L11: 242735
B12: 10 | C12: 223705 | D12: 231029 | E12: 239406 | F12: 224057 | G12: 237386 | H12: 217229 | I12: 229620 | J12: 226018 | K12: 238863 | L12: 240690
B13: 11 | C13: 243073 | D13: 230328 | E13: 258111 | F13: 256945 | G13: 227826 | H13: 244867 | I13: 239124 | J13: 227268 | K13: 236319 | L13: 216699
B14: 12 | C14: 253715 | D14: 244755 | E14: 269482 | F14: 224936 | G14: 219870 | H14: 233575 | I14: 230984 | J14: 208422 | K14: 253741 | L14: 217113
... B16: 14 | C16: 210963 | D16: 240163 | E16: 268617 | F16: 237889 | G16: 252114 | H16: 239170 | I16: 249377 | J16: 255295 | K16: 218817 | L16: 231555
A17: Avg No. Of Iterations | C17: =AVERAGE(Table14567891023411122830[No. Of Iterations Block Of Text - Run 1]) -> 232301.21 | D17: =AVERAGE(Table14567891023411122830[No. Of Iterations Block Of Text - Run 2]) -> 230383.36 | E17: =AVERAGE(Table14567891023411122830[No. Of Iterations Block Of Text - Run 3]) -> 234852.71 | F17: =AVERAGE(Table14567891023411122830[No. Of Iterations Block Of Text - Run 4]) -> 239929.71 | G17: =AVERAGE(Table14567891023411122830[No. Of Iterations Block Of Text - Run 5]) -> 233649.36 | H17: =AVERAGE(Table14567891023411122830[No. Of Iterations Block Of Text - Run 6]) -> 232337.71 | I17: =AVERAGE(Table14567891023411122830[No. Of Iterations Block Of Text - Run 7]) -> 233828.21 | J17: =AVERAGE(Table14567891023411122830[No. Of Iterations Block Of Text - Run 8]) -> 228518.14 | K17: =AVERAGE(Table14567891023411122830[No. Of Iterations Block Of Text - Run 9]) -> 234564.29 | L17: =AVERAGE(Table14567891023411122830[No. Of Iterations Block Of Text - Run 10]) -> 235635.14
A18: Min No. Of Iterations | C18: =MIN(Table14567891023411122830[No. Of Iterations Block Of Text - Run 1]) -> 209405 | D18: =MIN(Table14567891023411122830[No. Of Iterations Block Of Text - Run 2]) -> 209749 | E18: =MIN(Table14567891023411122830[No. Of Iterations Block Of Text - Run 3]) -> 214418 | F18: =MIN(Table14567891023411122830[No. Of Iterations Block Of Text - Run 4]) -> 215070 | G18: =MIN(Table14567891023411122830[No. Of Iterations Block Of Text - Run 5]) -> 204561 | H18: =MIN(Table14567891023411122830[No. Of Iterations Block Of Text - Run 6]) -> 211402 | I18: =MIN(Table14567891023411122830[No. Of Iterations Block Of Text - Run 7]) -> 207341 | J18: =MIN(Table14567891023411122830[No. Of Iterations Block Of Text - Run 8]) -> 208012 | K18: =MIN(Table14567891023411122830[No. Of Iterations Block Of Text - Run 9]) -> 212960 | L18: =MIN(Table14567891023411122830[No. Of Iterations Block Of Text - Run 10]) -> 216699
A19: Max No. Of Iterations | C19: =MAX(Table14567891023411122830[No. Of Iterations Block Of Text - Run 1]) -> 264699 | D19: =MAX(Table14567891023411122830[No. Of Iterations Block Of Text - Run 2]) -> 247859 | E19: =MAX(Table14567891023411122830[No. Of Iterations Block Of Text - Run 3]) -> 269482 | F19: =MAX(Table14567891023411122830[No. Of Iterations Block Of Text - Run 4]) -> 269368 | G19: =MAX(Table14567891023411122830[No. Of Iterations Block Of Text - Run 5]) -> 258920 | H19: =MAX(Table14567891023411122830[No. Of Iterations Block Of Text - Run 6]) -> 260999 | I19: =MAX(Table14567891023411122830[No. Of Iterations Block Of Text - Run 7]) -> 267437 | J19: =MAX(Table14567891023411122830[No. Of Iterations Block Of Text - Run 8]) -> 255295 | K19: =MAX(Table14567891023411122830[No. Of Iterations Block Of Text - Run 9]) -> 268343 | L19: =MAX(Table14567891023411122830[No. Of Iterations Block Of Text - Run 10]) -> 246626
A20: Range (Max - Min) | C20: =C19-C18 -> 55294 | D20: =D19-D18 -> 38110 | E20: =E19-E18 -> 55064 | F20: =F19-F18 -> 54298 | G20: =G19-G18 -> 54359 | H20: =H19-H18 -> 49597 | I20: =I19-I18 -> 60096 | J20: =J19-J18 -> 47283 | ... L20: =L19-L18 -> 29927
A21: Range (percentage of Min) | C21: =C20/C18 -> 0.26405291 | D21: =D20/D18 -> 0.18169336 | E21: =E20/E18 -> 0.2568068 | F21: =F20/F18 -> 0.25246664 | G21: =G20/G18 -> 0.26573492 | H21: =H20/H18 -> 0.23460989 | I21: =I20/I18 -> 0.28984137 | J21: =J20/J18 -> 0.227309 | ... L21: =L20/L18 -> 0.13810401
A22: Smallest Range (Tightest Execution) (%) | C22: =MIN(C21:L21) -> 0.13810401
A23: Largest Range (Loosest Execution) (%) | C23: =MAX(C21:L21) -> 0.28984137
A24: Average Range (%) | C24: =AVERAGE(C21:L21) -> 0.23706818
A25: Overall Average No. Of Iterations | C25: =AVERAGE(C17:L17) -> 233599.99
B27: Experiment 19.vi with inline VIs (DDS "Case 2: Inline VIs")
B28: No. | C28: No. Of Iterations Block Of Text - Run 1 | D28: No. Of Iterations Block Of Text - Run 2 | E28: No. Of Iterations Block Of Text - Run 3 | F28: No. Of Iterations Block Of Text - Run 4 | G28: No. Of Iterations Block Of Text - Run 5 | H28: No. Of Iterations Block Of Text - Run 6 | I28: No. Of Iterations Block Of Text - Run 7 | J28: No. Of Iterations Block Of Text - Run 8 | K28: No. Of Iterations Block Of Text - Run 9 | L28: No. Of Iterations Block Of Text - Run 10
B29: 1 | C29: 246024 | D29: 250286 | E29: 256595 | F29: 235141 | G29: 228529 | H29: 265621 | I29: 245238 | J29: 266633 | K29: 228506 | L29: 248853
B30: 2 | C30: 274248 | D30: 246184 | E30: 258756 | F30: 253136 | G30: 269560 | H30: 235320 | I30: 229567 | J30: 259571 | K30: 256407 | L30: 220932
B31: 3 | C31: 234855 | D31: 222941 | E31: 244718 | F31: 292340 | G31: 234791 | H31: 256671 | I31: 244481 | J31: 244820 | K31: 231115 | L31: 233174
B32: 4 | C32: 255830 | D32: 270663 | E32: 259278 | F32: 273749 | G32: 245597 | H32: 246860 | I32: 235403 | J32: 242481 | K32: 258319 | L32: 283687
B33: 5 | C33: 236467 | D33: 255864 | E33: 260666 | F33: 263368 | G33: 242979 | H33: 258719 | I33: 238556 | J33: 235931 | K33: 243273 | L33: 254332
B34: 6 | C34: 281358 | D34: 259892 | E34: 286591 | F34: 258024 | G34: 253021 | H34: 234389 | I34: 282023 | J34: 219516 | K34: 255310 | L34: 259194
B35: 7 | C35: 250300 | D35: 235810 | E35: 240926 | F35: 244216 | G35: 248183 | H35: 236503 | I35: 259277 | J35: 265072 | K35: 267567 | L35: 227946
B36: 8 | C36: 247731 | D36: 241159 | E36: 253466 | F36: 240168 | G36: 251498 | H36: 276288 | I36: 240054 | J36: 248649 | K36: 240085 | L36: 228261
B37: 9 | C37: 294324 | D37: 257266 | E37: 271216 | F37: 250394 | G37: 243769 | H37: 255502 | I37: 241680 | J37: 262532 | K37: 234492 | L37: 263620
B38: 10 | C38: 258987 | D38: 254880 | E38: 253928 | F38: 265017 | G38: 266002 | H38: 241956 | I38: 264854 | J38: 239420 | K38: 241952 | L38: 264829
B39: 11 | C39: 246918 | D39: 253776 | E39: 268966 | F39: 247552 | G39: 255318 | H39: 252022 | I39: 266786 | J39: 239804 | K39: 273771 | L39: 236415
B40: 12 | C40: 236702 | D40: 265601 | E40: 267195 | F40: 259097 | G40: 263919 | H40: 290036 | I40: 251893 | J40: 271095 | K40: 264792 | L40: 257511
... B42: 14 | C42: 259050 | D42: 264571 | E42: 254014 | F42: 250653 | G42: 251380 | H42: 251471 | I42: 246342 | J42: 255795 | K42: 247122 | L42: 265466
A43: Avg No. Of Iterations | C43: =AVERAGE(Table1456789102341112132931[No. Of Iterations Block Of Text - Run 1]) -> 255976.64 | D43: =AVERAGE(Table1456789102341112132931[No. Of Iterations Block Of Text - Run 2]) -> 252601.14 | E43: =AVERAGE(Table1456789102341112132931[No. Of Iterations Block Of Text - Run 3]) -> 260137 | F43: =AVERAGE(Table1456789102341112132931[No. Of Iterations Block Of Text - Run 4]) -> 255061.86 | G43: =AVERAGE(Table1456789102341112132931[No. Of Iterations Block Of Text - Run 5]) -> 250570.64 | H43: =AVERAGE(Table1456789102341112132931[No. Of Iterations Block Of Text - Run 6]) -> 252398.36 | I43: =AVERAGE(Table1456789102341112132931[No. Of Iterations Block Of Text - Run 7]) -> 251631.71 | J43: =AVERAGE(Table1456789102341112132931[No. Of Iterations Block Of Text - Run 8]) -> 249948.36 | K43: =AVERAGE(Table1456789102341112132931[No. Of Iterations Block Of Text - Run 9]) -> 249472.43 | L43: =AVERAGE(Table1456789102341112132931[No. Of Iterations Block Of Text - Run 10]) -> 248536.43
A44: Min No. Of Iterations | C44: =MIN(Table1456789102341112132931[No. Of Iterations Block Of Text - Run 1]) -> 234855 | D44: =MIN(Table1456789102341112132931[No. Of Iterations Block Of Text - Run 2]) -> 222941 | E44: =MIN(Table1456789102341112132931[No. Of Iterations Block Of Text - Run 3]) -> 240926 | F44: =MIN(Table1456789102341112132931[No. Of Iterations Block Of Text - Run 4]) -> 235141 | G44: =MIN(Table1456789102341112132931[No. Of Iterations Block Of Text - Run 5]) -> 228529 | H44: =MIN(Table1456789102341112132931[No. Of Iterations Block Of Text - Run 6]) -> 232219 | I44: =MIN(Table1456789102341112132931[No. Of Iterations Block Of Text - Run 7]) -> 229567 | J44: =MIN(Table1456789102341112132931[No. Of Iterations Block Of Text - Run 8]) -> 219516 | K44: =MIN(Table1456789102341112132931[No. Of Iterations Block Of Text - Run 9]) -> 228506 | L44: =MIN(Table1456789102341112132931[No. Of Iterations Block Of Text - Run 10]) -> 220932
A45: Max No. Of Iterations | C45: =MAX(Table1456789102341112132931[No. Of Iterations Block Of Text - Run 1]) -> 294324 | D45: =MAX(Table1456789102341112132931[No. Of Iterations Block Of Text - Run 2]) -> 270663 | E45: =MAX(Table1456789102341112132931[No. Of Iterations Block Of Text - Run 3]) -> 286591 | F45: =MAX(Table1456789102341112132931[No. Of Iterations Block Of Text - Run 4]) -> 292340 | G45: =MAX(Table1456789102341112132931[No. Of Iterations Block Of Text - Run 5]) -> 269560 | H45: =MAX(Table1456789102341112132931[No. Of Iterations Block Of Text - Run 6]) -> 290036 | I45: =MAX(Table1456789102341112132931[No. Of Iterations Block Of Text - Run 7]) -> 282023 | J45: =MAX(Table1456789102341112132931[No. Of Iterations Block Of Text - Run 8]) -> 271095 | K45: =MAX(Table1456789102341112132931[No. Of Iterations Block Of Text - Run 9]) -> 273771 | L45: =MAX(Table1456789102341112132931[No. Of Iterations Block Of Text - Run 10]) -> 283687
A46: Range (Max - Min) | C46: =C45-C44 -> 59469 | D46: =D45-D44 -> 47722 | E46: =E45-E44 -> 45665 | F46: =F45-F44 -> 57199 | G46: =G45-G44 -> 41031 | H46: =H45-H44 -> 57817 | I46: =I45-I44 -> 52456 | J46: =J45-J44 -> 51579 | ... L46: =L45-L44 -> 62755
A47: Range (percentage of Min) | C47: =C46/C44 -> 0.25321581 | D47: =D46/D44 -> 0.21405663 | E47: =E46/E44 -> 0.18953953 | F47: =F46/F44 -> 0.24325405 | G47: =G46/G44 -> 0.17954395 | H47: =H46/H44 -> 0.24897618 | I47: =I46/I44 -> 0.22849974 | J47: =J46/J44 -> 0.23496693 | ... L47: =L46/L44 -> 0.28404667
A48: Smallest Range (Tightest Execution) (%) | C48: =MIN(C47:L47) -> 0.17954395
A49: Largest Range (Loosest Execution) (%) | C49: =MAX(C47:L47) -> 0.28404667
A50: Average Range (%) | C50: =AVERAGE(C47:L47) -> 0.22741906
A51: Overall Average No. Of Iterations | C51: =AVERAGE(C43:L43) -> 252633.46

Sheet Exp20
B1: Experiment 20.vi with subroutine VIs (DDS "Case 1: Subroutines")
B2: No. | C2: No. Of Iterations Block Of Text - Run 1 | D2: No. Of Iterations Block Of Text - Run 2 | E2: No. Of Iterations Block Of Text - Run 3 | F2: No. Of Iterations Block Of Text - Run 4 | G2: No. Of Iterations Block Of Text - Run 5 | H2: No. Of Iterations Block Of Text - Run 6 | I2: No. Of Iterations Block Of Text - Run 7 | J2: No. Of Iterations Block Of Text - Run 8 | K2: No. Of Iterations Block Of Text - Run 9 | L2: No. Of Iterations Block Of Text - Run 10
B3: 1 | C3: 418438 | D3: 392160 | E3: 401428 | F3: 400845 | G3: 406283 | H3: 405468 | I3: 396614 | J3: 397652 | K3: 406366 | L3: 409951
B4: 2 | C4: 405415 | D4: 394032 | E4: 395391 | F4: 401757 | G4: 410262 | H4: 405655 | I4: 408469 | J4: 403739 | K4: 399932 | L4: 412513
B5: 3 | C5: 417637 | D5: 412233 | E5: 401319 | F5: 409522 | G5: 415363 | H5: 417802 | I5: 410717 | J5: 410654 | K5: 417063 | L5: 416652
B6: 4 | C6: 419346 | D6: 412337 | E6: 408321 | F6: 410072 | G6: 409759 | H6: 408327 | I6: 412783 | J6: 409911 | K6: 410152 | L6: 413724
B7: 5 | C7: 415263 | D7: 406864 | E7: 409306 | F7: 398965 | G7: 403591 | H7: 405678 | I7: 399761 | J7: 398767 | K7: 398890 | L7: 407705
B8: 6 | C8: 406945 | D8: 399523 | E8: 395583 | F8: 395055 | G8: 400089 | H8: 404985 | I8: 404438 | J8: 395577 | K8: 402661 | L8: 415476
B9: 7 | C9: 420723 | D9: 410120 | E9: 395146 | F9: 411794 | G9: 417531 | H9: 417444 | I9: 404687 | J9: 397281 | K9: 413493 | L9: 418800
B10: 8 | C10: 413321 | D10: 396338 | E10: 408478 | F10: 406480 | G10: 413381 | H10: 415168 | I10: 406441 | J10: 407431 | K10: 410737 | L10: 418367
A11: Avg No. Of Iterations | C11: =AVERAGE(Table1456789102341112283032[No. Of Iterations Block Of Text - Run 1]) -> 414636 | D11: =AVERAGE(Table1456789102341112283032[No. Of Iterations Block Of Text - Run 2]) -> 402950.88 | E11: =AVERAGE(Table1456789102341112283032[No. Of Iterations Block Of Text - Run 3]) -> 401871.5 | F11: =AVERAGE(Table1456789102341112283032[No. Of Iterations Block Of Text - Run 4]) -> 404311.25 | G11: =AVERAGE(Table1456789102341112283032[No. Of Iterations Block Of Text - Run 5]) -> 409532.38 | H11: =AVERAGE(Table1456789102341112283032[No. Of Iterations Block Of Text - Run 6]) -> 410065.88 | I11: =AVERAGE(Table1456789102341112283032[No. Of Iterations Block Of Text - Run 7]) -> 405488.75 | J11: =AVERAGE(Table1456789102341112283032[No. Of Iterations Block Of Text - Run 8]) -> 402626.5 | K11: =AVERAGE(Table1456789102341112283032[No. Of Iterations Block Of Text - Run 9]) -> 407411.75 | L11: =AVERAGE(Table1456789102341112283032[No. Of Iterations Block Of Text - Run 10]) -> 414148.5
A12: Min No. Of Iterations | C12: =MIN(Table1456789102341112283032[No. Of Iterations Block Of Text - Run 1]) -> 405415 | D12: =MIN(Table1456789102341112283032[No. Of Iterations Block Of Text - Run 2]) -> 392160 | E12: =MIN(Table1456789102341112283032[No. Of Iterations Block Of Text - Run 3]) -> 395146 | F12: =MIN(Table1456789102341112283032[No. Of Iterations Block Of Text - Run 4]) -> 395055 | G12: =MIN(Table1456789102341112283032[No. Of Iterations Block Of Text - Run 5]) -> 400089 | H12: =MIN(Table1456789102341112283032[No. Of Iterations Block Of Text - Run 6]) -> 404985 | I12: =MIN(Table1456789102341112283032[No. Of Iterations Block Of Text - Run 7]) -> 396614 | J12: =MIN(Table1456789102341112283032[No. Of Iterations Block Of Text - Run 8]) -> 395577 | K12: =MIN(Table1456789102341112283032[No. Of Iterations Block Of Text - Run 9]) -> 398890 | L12: =MIN(Table1456789102341112283032[No. Of Iterations Block Of Text - Run 10]) -> 407705
A13: Max No. Of Iterations | C13: =MAX(Table1456789102341112283032[No. Of Iterations Block Of Text - Run 1]) -> 420723 | D13: =MAX(Table1456789102341112283032[No. Of Iterations Block Of Text - Run 2]) -> 412337 | E13: =MAX(Table1456789102341112283032[No. Of Iterations Block Of Text - Run 3]) -> 409306 | F13: =MAX(Table1456789102341112283032[No. Of Iterations Block Of Text - Run 4]) -> 411794 | G13: =MAX(Table1456789102341112283032[No. Of Iterations Block Of Text - Run 5]) -> 417531 | H13: =MAX(Table1456789102341112283032[No. Of Iterations Block Of Text - Run 6]) -> 417802 | I13: =MAX(Table1456789102341112283032[No. Of Iterations Block Of Text - Run 7]) -> 412783 | J13: =MAX(Table1456789102341112283032[No. Of Iterations Block Of Text - Run 8]) -> 410654 | K13: =MAX(Table1456789102341112283032[No. Of Iterations Block Of Text - Run 9]) -> 417063 | L13: =MAX(Table1456789102341112283032[No. Of Iterations Block Of Text - Run 10]) -> 418800
A14: Range (Max - Min) | C14: =C13-C12 -> 15308 | D14: =D13-D12 -> 20177 | E14: =E13-E12 -> 14160 | F14: =F13-F12 -> 16739 | G14: =G13-G12 -> 17442 | H14: =H13-H12 -> 12817 | I14: =I13-I12 -> 16169 | J14: =J13-J12 -> 15077 | ... L14: =L13-L12 -> 11095
A15: Range (percentage of Min) | C15: =C14/C12 -> 0.03775884 | D15: =D14/D12 -> 0.051450938 | E15: =E14/E12 -> 0.035834856 | F15: =F14/F12 -> 0.042371315 | G15: =G14/G12 -> 0.0435953 | H15: =H14/H12 -> 0.031648086 | I15: =I14/I12 -> 0.040767598 | J15: =J14/J12 -> 0.038113945 | ... L15: =L14/L12 -> 0.027213304
A16: Smallest Range (Tightest Execution) (%) | C16: =MIN(C15:L15) -> 0.027213304
A17: Largest Range (Loosest Execution) (%) | C17: =MAX(C15:L15) -> 0.051450938
A18: Average Range (%) | C18: =AVERAGE(C15:L15) -> 0.039431311
A19: Overall Average No. Of Iterations | C19: =AVERAGE(C11:L11) -> 407304.34
B21: Experiment 20.vi with inline VIs (DDS "Case 2: Inline VIs")
B22: No. | C22: No. Of Iterations Block Of Text - Run 1 | D22: No. Of Iterations Block Of Text - Run 2 | E22: No. Of Iterations Block Of Text - Run 3 | F22: No. Of Iterations Block Of Text - Run 4 | G22: No. Of Iterations Block Of Text - Run 5 | H22: No. Of Iterations Block Of Text - Run 6 | I22: No. Of Iterations Block Of Text - Run 7 | J22: No. Of Iterations Block Of Text - Run 8 | K22: No. Of Iterations Block Of Text - Run 9 | L22: No. Of Iterations Block Of Text - Run 10
B23: 1 | C23: 433431 | D23: 438428 | E23: 440993 | F23: 438619 | G23: 432877 | H23: 422849 | I23: 430674 | J23: 446696 | K23: 436859 | L23: 438528
B24: 2 | C24: 429825 | D24: 438962 | E24: 430703 | F24: 430644 | G24: 439089 | H24: 434912 | I24: 428366 | J24: 433347 | K24: 429488 | L24: 429632
B25: 3 | C25: 444652 | D25: 448742 | E25: 445910 | F25: 445500 | G25: 443970 | H25: 441397 | I25: 436091 | J25: 448641 | K25: 441683 | L25: 446985
B26: 4 | C26: 437691 | D26: 435000 | E26: 437704 | F26: 436327 | G26: 450123 | H26: 443213 | I26: 434350 | J26: 447275 | K26: 442203 | L26: 443215
B27: 5 | C27: 421810 | D27: 424450 | E27: 434459 | F27: 432183 | G27: 433414 | H27: 424585 | I27: 423890 | J27: 433930 | K27: 430752 | L27: 431723
B28: 6 | C28: 424387 | D28: 432642 | E28: 434316 | F28: 430137 | G28: 433364 | H28: 425723 | I28: 429292 | J28: 433670 | K28: 424450 | L28: 431224
B29: 7 | C29: 440510 | D29: 439810 | E29: 449654 | F29: 443447 | G29: 450634 | H29: 432642 | I29: 436131 | J29: 448829 | K29: 430418 | L29: 439597
B30: 8 | C30: 439567 | D30: 447054 | E30: 439393 | F30: 443185 | G30: 442350 | H30: 442205 | I30: 430674 | J30: 435449 | K30: 440623 | L30: 442485
A31: Avg No. Of Iterations | C31: =AVERAGE(Table145678910234111213293133[No. Of Iterations Block Of Text - Run 1]) -> 433984.12 | D31: =AVERAGE(Table145678910234111213293133[No. Of Iterations Block Of Text - Run 2]) -> 438136 | E31: =AVERAGE(Table145678910234111213293133[No. Of Iterations Block Of Text - Run 3]) -> 439141.5 | F31: =AVERAGE(Table145678910234111213293133[No. Of Iterations Block Of Text - Run 4]) -> 437505.25 | G31: =AVERAGE(Table145678910234111213293133[No. Of Iterations Block Of Text - Run 5]) -> 440727.62 | H31: =AVERAGE(Table145678910234111213293133[No. Of Iterations Block Of Text - Run 6]) -> 433440.75 | I31: =AVERAGE(Table145678910234111213293133[No. Of Iterations Block Of Text - Run 7]) -> 431183.5 | J31: =AVERAGE(Table145678910234111213293133[No. Of Iterations Block Of Text - Run 8]) -> 440979.62 | K31: =AVERAGE(Table145678910234111213293133[No. Of Iterations Block Of Text - Run 9]) -> 434559.5 | L31: =AVERAGE(Table145678910234111213293133[No. Of Iterations Block Of Text - Run 10]) -> 437923.62
A32: Min No. Of Iterations | C32: =MIN(Table145678910234111213293133[No. Of Iterations Block Of Text - Run 1]) -> 421810 | D32: =MIN(Table145678910234111213293133[No. Of Iterations Block Of Text - Run 2]) -> 424450 | E32: =MIN(Table145678910234111213293133[No. Of Iterations Block Of Text - Run 3]) -> 430703 | F32: =MIN(Table145678910234111213293133[No. Of Iterations Block Of Text - Run 4]) -> 430137 | G32: =MIN(Table145678910234111213293133[No. Of Iterations Block Of Text - Run 5]) -> 432877 | H32: =MIN(Table145678910234111213293133[No. Of Iterations Block Of Text - Run 6]) -> 422849 | I32: =MIN(Table145678910234111213293133[No. Of Iterations Block Of Text - Run 7]) -> 423890 | J32: =MIN(Table145678910234111213293133[No. Of Iterations Block Of Text - Run 8]) -> 433347 | K32: =MIN(Table145678910234111213293133[No. Of Iterations Block Of Text - Run 9]) -> 424450 | L32: =MIN(Table145678910234111213293133[No. Of Iterations Block Of Text - Run 10]) -> 429632
A33: Max No. Of Iterations | C33: =MAX(Table145678910234111213293133[No. Of Iterations Block Of Text - Run 1]) -> 444652 | D33: =MAX(Table145678910234111213293133[No. Of Iterations Block Of Text - Run 2]) -> 448742 | E33: =MAX(Table145678910234111213293133[No. Of Iterations Block Of Text - Run 3]) -> 449654 | F33: =MAX(Table145678910234111213293133[No. Of Iterations Block Of Text - Run 4]) -> 445500 | G33: =MAX(Table145678910234111213293133[No. Of Iterations Block Of Text - Run 5]) -> 450634 | H33: =MAX(Table145678910234111213293133[No. Of Iterations Block Of Text - Run 6]) -> 443213 | I33: =MAX(Table145678910234111213293133[No. Of Iterations Block Of Text - Run 7]) -> 436131 | J33: =MAX(Table145678910234111213293133[No. Of Iterations Block Of Text - Run 8]) -> 448829 | K33: =MAX(Table145678910234111213293133[No. Of Iterations Block Of Text - Run 9]) -> 442203 | L33: =MAX(Table145678910234111213293133[No. Of Iterations Block Of Text - Run 10]) -> 446985
A34: Range (Max - Min) | C34: =C33-C32 -> 22842 | D34: =D33-D32 -> 24292 | E34: =E33-E32 -> 18951 | F34: =F33-F32 -> 15363 | G34: =G33-G32 -> 17757 | H34: =H33-H32 -> 20364 | I34: =I33-I32 -> 12241 | J34: =J33-J32 -> 15482 | ... L34: =L33-L32 -> 17353
A35: Range (percentage of Min) | C35: =C34/C32 -> 0.054152343 | D35: =D34/D32 -> 0.057231712 | E35: =E34/E32 -> 0.044000158 | F35: =F34/F32 -> 0.035716528 | G35: =G34/G32 -> 0.04102089 | H35: =H34/H32 -> 0.048159035 | I35: =I34/I32 -> 0.028877775 | J35: =J34/J32 -> 0.035726566 | ... L35: =L34/L32 -> 0.040390381
A36: Smallest Range (Tightest Execution) (%) | C36: =MIN(C35:L35) -> 0.028877775
A37: Largest Range (Loosest Execution) (%) | C37: =MAX(C35:L35) -> 0.057231712
A38: Average Range (%) | C38: =AVERAGE(C35:L35) -> 0.042710128
A39: Overall Average No. Of Iterations | C39: =AVERAGE(C31:L31) -> 436758.15

Sheet Exp21
B1: Experiment 21.vi with subroutine VIs (DDS "Case 1: Subroutines")
B2: No. | C2: No. Of Iterations Block Of Text - Run 1 | D2: No. Of Iterations Block Of Text - Run 2 | E2: No. Of Iterations Block Of Text - Run 3 | F2: No. Of Iterations Block Of Text - Run 4 | G2: No. Of Iterations Block Of Text - Run 5 | H2: No. Of Iterations Block Of Text - Run 6 | I2: No. Of Iterations Block Of Text - Run 7 | J2: No. Of Iterations Block Of Text - Run 8 | K2: No. Of Iterations Block Of Text - Run 9 | L2: No. Of Iterations Block Of Text - Run 10
B3: 1 | C3: 221671 | D3: 224290 | E3: 257443 | F3: 230108 | G3: 231437 | H3: 222698 | I3: 209578 | J3: 228676 | K3: 217939 | L3: 215429
B4: 2 | C4: 232854 | D4: 216128 | E4: 242914 | F4: 244932 | G4: 225935 | H4: 220339 | I4: 215898 | J4: 220125 | K4: 214592 | L4: 265159
B5: 3 | C5: 232936 | D5: 254907 | E5: 256968 | F5: 243882 | G5: 228836 | H5: 221300 | I5: 272360 | J5: 228361 | K5: 239611 | L5: 238275
B6: 4 | C6: 221172 | D6: 247299 | E6: 222319 | F6: 233937 | G6: 243411 | H6: 222324 | I6: 221400 | J6: 230167 | K6: 243099 | L6: 248126
B7: 5 | C7: 236230 | D7: 261480 | E7: 234196 | F7: 231917 | G7: 245583 | H7: 266510 | I7: 222393 | J7: 229032 | K7: 242111 | L7: 204292
B8: 6 | C8: 228923 | D8: 212902 | E8: 237950 | F8: 227775 | G8: 232089 | H8: 230398 | I8: 214593 | J8: 218420 | K8: 241366 | L8: 223322
B9: 7 | C9: 241015 | D9: 237380 | E9: 234289 | F9: 245200 | G9: 263403 | H9: 268657 | I9: 244393 | J9: 256295 | K9: 198038 | L9: 238137
B10: 8 | C10: 216638 | D10: 214039 | E10: 229167 | F10: 240902 | G10: 240201 | H10: 252278 | I10: 215829 | J10: 213644 | K10: 204926 | L10: 229681
B11: 9 | C11: 231281 | D11: 214778 | E11: 215570 | F11: 238250 | G11: 236035 | H11: 217808 | I11: 238032 | J11: 213129 | K11: 232580 | L11: 226301
B12: 10 | C12: 220801 | D12: 230050 | E12: 217964 | F12: 244717 | G12: 227531 | H12: 221944 | I12: 232979 | J12: 223924 | K12: 224912 | L12: 227660
B13: 11 | C13: 244874 | D13: 226757 | E13: 218013 | F13: 215237 | G13: 240028 | H13: 235129 | I13: 241962 | J13: 233772 | K13: 250673 | L13: 235676
B14: 12 | C14: 248863 | D14: 261509 | E14: 238646 | F14: 238524 | G14: 216076 | H14: 213267 | I14: 245789 | J14: 246708 | K14: 222844 | L14: 249839
... B16: 14 | C16: 209344 | D16: 246186 | E16: 225146 | F16: 232897 | G16: 246078 | H16: 200649 | I16: 267550 | J16: 206860 | K16: 242775 | L16: 232199
A17: Avg No. Of Iterations | C17: =AVERAGE(Table1456789102341112283034[No. Of Iterations Block Of Text - Run 1]) -> 229568.36 | D17: =AVERAGE(Table1456789102341112283034[No. Of Iterations Block Of Text - Run 2]) -> 234102.29 | E17: =AVERAGE(Table1456789102341112283034[No. Of Iterations Block Of Text - Run 3]) -> 233560.86 | F17: =AVERAGE(Table1456789102341112283034[No. Of Iterations Block Of Text - Run 4]) -> 237498.86 | G17: =AVERAGE(Table1456789102341112283034[No. Of Iterations Block Of Text - Run 5]) -> 236850.21 | H17: =AVERAGE(Table1456789102341112283034[No. Of Iterations Block Of Text - Run 6]) -> 230643.21 | I17: =AVERAGE(Table1456789102341112283034[No. Of Iterations Block Of Text - Run 7]) -> 231854.5 | J17: =AVERAGE(Table1456789102341112283034[No. Of Iterations Block Of Text - Run 8]) -> 228446.21 | K17: =AVERAGE(Table1456789102341112283034[No. Of Iterations Block Of Text - Run 9]) -> 229472.5 | L17: =AVERAGE(Table1456789102341112283034[No. Of Iterations Block Of Text - Run 10]) -> 233907.21
A18: Min No. Of Iterations | C18: =MIN(Table1456789102341112283034[No. Of Iterations Block Of Text - Run 1]) -> 209344 | D18: =MIN(Table1456789102341112283034[No. Of Iterations Block Of Text - Run 2]) -> 212902 | E18: =MIN(Table1456789102341112283034[No. Of Iterations Block Of Text - Run 3]) -> 215570 | F18: =MIN(Table1456789102341112283034[No. Of Iterations Block Of Text - Run 4]) -> 215237 | G18: =MIN(Table1456789102341112283034[No. Of Iterations Block Of Text - Run 5]) -> 216076 | H18: =MIN(Table1456789102341112283034[No. Of Iterations Block Of Text - Run 6]) -> 200649 | I18: =MIN(Table1456789102341112283034[No. Of Iterations Block Of Text - Run 7]) -> 203207 | J18: =MIN(Table1456789102341112283034[No. Of Iterations Block Of Text - Run 8]) -> 206860 | K18: =MIN(Table1456789102341112283034[No. Of Iterations Block Of Text - Run 9]) -> 198038 | L18: =MIN(Table1456789102341112283034[No. Of Iterations Block Of Text - Run 10]) -> 204292
A19: Max No. Of Iterations | C19: =MAX(Table1456789102341112283034[No. Of Iterations Block Of Text - Run 1]) -> 248863 | D19: =MAX(Table1456789102341112283034[No. Of Iterations Block Of Text - Run 2]) -> 261509 | E19: =MAX(Table1456789102341112283034[No. Of Iterations Block Of Text - Run 3]) -> 257443 | F19: =MAX(Table1456789102341112283034[No. Of Iterations Block Of Text - Run 4]) -> 256706 | G19: =MAX(Table1456789102341112283034[No. Of Iterations Block Of Text - Run 5]) -> 263403 | H19: =MAX(Table1456789102341112283034[No. Of Iterations Block Of Text - Run 6]) -> 268657 | I19: =MAX(Table1456789102341112283034[No. Of Iterations Block Of Text - Run 7]) -> 272360 | J19: =MAX(Table1456789102341112283034[No. Of Iterations Block Of Text - Run 8]) -> 256295 | K19: =MAX(Table1456789102341112283034[No. Of Iterations Block Of Text - Run 9]) -> 250673 | L19: =MAX(Table1456789102341112283034[No. Of Iterations Block Of Text - Run 10]) -> 265159
A20: Range (Max - Min) | C20: =C19-C18 -> 39519 | D20: =D19-D18 -> 48607 | E20: =E19-E18 -> 41873 | F20: =F19-F18 -> 41469 | G20: =G19-G18 -> 47327 | H20: =H19-H18 -> 68008 | I20: =I19-I18 -> 69153 | J20: =J19-J18 -> 49435 | ... L20: =L19-L18 -> 60867
A21: Range (percentage of Min) | C21: =C20/C18 -> 0.18877541 | D21: =D20/D18 -> 0.22830692 | E21: =E20/E18 -> 0.19424317 | F21: =F20/F18 -> 0.19266669 | G21: =G20/G18 -> 0.21902942 | H21: =H20/H18 -> 0.33894014 | I21: =I20/I18 -> 0.34030816 | J21: =J20/J18 -> 0.23897805 | ... L21: =L20/L18 -> 0.29794118
A22: Smallest Range (Tightest Execution) (%) | C22: =MIN(C21:L21) -> 0.18877541
A23: Largest Range (Loosest Execution) (%) | C23: =MAX(C21:L21) -> 0.34030816
A24: Average Range (%) | C24: =AVERAGE(C21:L21) -> 0.25049715
A25: Overall Average No. Of Iterations | C25: =AVERAGE(C17:L17) -> 232590.42
B27: Experiment 21.vi with inline VIs (DDS "Case 2: Inline VIs")
B28: No. | C28: No. Of Iterations Block Of Text - Run 1 | D28: No. Of Iterations Block Of Text - Run 2 | E28: No. Of Iterations Block Of Text - Run 3 | F28: No. Of Iterations Block Of Text - Run 4 | G28: No. Of Iterations Block Of Text - Run 5 | H28: No. Of Iterations Block Of Text - Run 6 | I28: No. Of Iterations Block Of Text - Run 7 | J28: No. Of Iterations Block Of Text - Run 8 | K28: No. Of Iterations Block Of Text - Run 9 | L28: No. Of Iterations Block Of Text - Run 10
B29: 1 | C29: 253060 | D29: 234318 | E29: 230245 | F29: 253369 | G29: 264029 | H29: 231733 | I29: 282442 | J29: 258362 | K29: 250643 | L29: 220675
B30: 2 | C30: 240818 | D30: 266264 | E30: 247354 | F30: 270740 | G30: 232225 | H30: 230392 | I30: 253261 | J30: 230996 | K30: 241832 | L30: 241286
B31: 3 | C31: 239348 | D31: 266936 | E31: 242502 | F31: 244581 | G31: 266697 | H31: 276396 | I31: 251205 | J31: 249958 | K31: 255963 | L31: 259879
B32: 4 | C32: 252338 | D32: 235252 | E32: 272110 | F32: 240170 | G32: 231291 | H32: 262495 | I32: 253588 | J32: 270930 | K32: 281077 | L32: 249061
B33: 5 | C33: 277694 | D33: 238096 | E33: 250700 | F33: 279776 | G33: 235948 | H33: 261750 | I33: 229445 | J33: 239283 | K33: 237563 | L33: 285508
B34: 6 | C34: 238117 | D34: 239880 | E34: 272750 | F34: 274531 | G34: 262330 | H34: 253748 | I34: 239340 | J34: 256955 | K34: 249422 | L34: 240958
B35: 7 | C35: 252735 | D35: 229327 | E35: 269625 | F35: 241067 | G35: 266506 | H35: 250531 | I35: 249893 | J35: 246910 | K35: 251755 | L35: 230644
B36: 8 | C36: 286470 | D36: 236797 | E36: 243641 | F36: 224409 | G36: 247026 | H36: 247509 | I36: 244675 | J36: 271203 | K36: 258858 | L36: 260249
B37: 9 | C37: 273426 | D37: 263536 | E37: 265674 | F37: 272610 | G37: 244253 | H37: 234636 | I37: 293263 | J37: 249562 | K37: 236029 | L37: 245373
B38: 10 | C38: 236098 | D38: 247777 | E38: 263702 | F38: 244595 | G38: 258660 | H38: 261077 | I38: 245092 | J38: 233261 | K38: 283179 | L38: 241808
B39: 11 | C39: 246331 | D39: 240882 | E39: 267416 | F39: 222936 | G39: 222454 | H39: 271397 | I39: 246273 | J39: 271286 | K39: 247012 | L39: 258213
B40: 12 | C40: 246800 | D40: 272332 | E40: 236880 | F40: 296458 | G40: 258710 | H40: 241582 | I40: 253569 | J40: 238932 | K40: 257300 | L40: 235227
... B42: 14 | C42: 229246 | D42: 243968 | E42: 231042 | F42: 221822 | G42: 252476 | H42: 230470 | I42: 226899 | J42: 232333 | K42: 226270 | L42: 255747
A43: Avg No. Of Iterations | C43: =AVERAGE(Table145678910234111213293135[No. Of Iterations Block Of Text - Run 1]) -> 252073.14 | D43: =AVERAGE(Table145678910234111213293135[No. Of Iterations Block Of Text - Run 2]) -> 247177.43 | E43: =AVERAGE(Table145678910234111213293135[No. Of Iterations Block Of Text - Run 3]) -> 251751.21 | F43: =AVERAGE(Table145678910234111213293135[No. Of Iterations Block Of Text - Run 4]) -> 252416.14 | G43: =AVERAGE(Table145678910234111213293135[No. Of Iterations Block Of Text - Run 5]) -> 250555.36 | H43: =AVERAGE(Table145678910234111213293135[No. Of Iterations Block Of Text - Run 6]) -> 250800.86 | I43: =AVERAGE(Table145678910234111213293135[No. Of Iterations Block Of Text - Run 7]) -> 250960.79 | J43: =AVERAGE(Table145678910234111213293135[No. Of Iterations Block Of Text - Run 8]) -> 253042.21 | K43: =AVERAGE(Table145678910234111213293135[No. Of Iterations Block Of Text - Run 9]) -> 250813.5 | L43: =AVERAGE(Table145678910234111213293135[No. Of Iterations Block Of Text - Run 10]) -> 250270.29
A44: Min No. Of Iterations | C44: =MIN(Table145678910234111213293135[No. Of Iterations Block Of Text - Run 1]) -> 229246 | D44: =MIN(Table145678910234111213293135[No. Of Iterations Block Of Text - Run 2]) -> 229327 | E44: =MIN(Table145678910234111213293135[No. Of Iterations Block Of Text - Run 3]) -> 230245 | F44: =MIN(Table145678910234111213293135[No. Of Iterations Block Of Text - Run 4]) -> 221822 | G44: =MIN(Table145678910234111213293135[No. Of Iterations Block Of Text - Run 5]) -> 222454 | H44: =MIN(Table145678910234111213293135[No. Of Iterations Block Of Text - Run 6]) -> 230392 | I44: =MIN(Table145678910234111213293135[No. Of Iterations Block Of Text - Run 7]) -> 226899 | J44: =MIN(Table145678910234111213293135[No. Of Iterations Block Of Text - Run 8]) -> 230996 | K44: =MIN(Table145678910234111213293135[No. Of Iterations Block Of Text - Run 9]) -> 226270 | L44: =MIN(Table145678910234111213293135[No. Of Iterations Block Of Text - Run 10]) -> 220675
A45: Max No. Of Iterations | C45: =MAX(Table145678910234111213293135[No. Of Iterations Block Of Text - Run 1]) -> 286470 | D45: =MAX(Table145678910234111213293135[No. Of Iterations Block Of Text - Run 2]) -> 272332 | E45: =MAX(Table145678910234111213293135[No. Of Iterations Block Of Text - Run 3]) -> 272750 | F45: =MAX(Table145678910234111213293135[No. Of Iterations Block Of Text - Run 4]) -> 296458 | G45: =MAX(Table145678910234111213293135[No. Of Iterations Block Of Text - Run 5]) -> 266697 | H45: =MAX(Table145678910234111213293135[No. Of Iterations Block Of Text - Run 6]) -> 276396 | I45: =MAX(Table145678910234111213293135[No. Of Iterations Block Of Text - Run 7]) -> 293263 | J45: =MAX(Table145678910234111213293135[No. Of Iterations Block Of Text - Run 8]) -> 292620 | K45: =MAX(Table145678910234111213293135[No. Of Iterations Block Of Text - Run 9]) -> 283179 | L45: =MAX(Table145678910234111213293135[No. Of Iterations Block Of Text - Run 10]) -> 285508
A46: Range (Max - Min) | C46: =C45-C44 -> 57224 | D46: =D45-D44 -> 43005 | E46: =E45-E44 -> 42505 | F46: =F45-F44 -> 74636 | G46: =G45-G44 -> 44243 | H46: =H45-H44 -> 46004 | I46: =I45-I44 -> 66364 | J46: =J45-J44 -> 61624 | ... L46: =L45-L44 -> 64833
A47: Range (percentage of Min) | C47: =C46/C44 -> 0.24961831 | D47: =D46/D44 -> 0.18752698 | E47: =E46/E44 -> 0.1846077 | F47: =F46/F44 -> 0.33646798 | G47: =G46/G44 -> 0.19888606 | H47: =H46/H44 -> 0.19967707 | I47: =I46/I44 -> 0.29248256 | J47: =J46/J44 -> 0.26677518 | ... L47: =L46/L44 -> 0.29379404
A48: Smallest Range (Tightest Execution) (%) | C48: =MIN(C47:L47) -> 0.1846077
A49: Largest Range (Loosest Execution) (%) | C49: =MAX(C47:L47) -> 0.33646798
A50: Average Range (%) | C50: =AVERAGE(C47:L47) -> 0.24613451
A51: Overall Average No. Of Iterations | C51: =AVERAGE(C43:L43) -> 250986.09

Sheet E12-E21 Comparison
B1: Result Comparison (Experiments 12 to 17)
B2: No. | C2: Smallest Range (Tightest Execution out of 10 runs) (%) | D2: Largest Range (Loosest Execution out of 10 runs) (%) | E2: Average Range Over 10 Runs (%) | F2: Avg. No. Of Loop Iterations
B3: Exp 14: 2 x For Loops (subroutine VIs) | C3: 0.00025783021 | D3: 0.0026835888 | E3: 0.0015870356 | F3: 553253
B4: Exp 13: 4 x For Loops (subroutine VIs) | C4: 0.0056602299 | D4: 0.08072134 | E4: 0.029470872 | F4: 523247.05
B5: Exp 18: 8 x For Loops (subroutine VIs) | C5: 0.035970607 | D5: 0.051565188 | E5: 0.045096458 | F5: 400658.69
B6: Exp 12: 10 x For Loops (subroutine VIs) | C6: 0.14625951 | D6: 0.28496245 | E6: 0.22903793 | F6: 322129.54
B7: Exp 19: 14 x For Loops (subroutine VIs) | C7: 0.13810401 | D7: 0.28984137 | E7: 0.23706818 | F7: 233599.99
B8: Exp 14: 2 x For Loops (inline VIs) | C8: 0.00020767268 | D8: 0.0042698174 | E8: 0.0019364334 | F8: 599041.3
B9: Exp 13: 4 x For Loops (inline VIs) | C9: 0.010218692 | D9: 0.067044173 | E9: 0.027250207 | F9: 555325.1
B10: Exp 18: 8 x For Loops (inline VIs) | C10: 0.040084284 | D10: 0.059122182 | E10: 0.048110207 | F10: 434722.08
B11: Exp 12: 10 x For Loops (inline VIs) | C11: 0.16381005 | D11: 0.37688617 | E11: 0.25049741 | F11: 352579.54
B12: Exp 19: 14 x For Loops (inline VIs) | C12: 0.17954395 | D12: 0.28404667 | E12: 0.22741906 | F12: 252633.46
B13: Exp 15: 2 x While Loops (subroutine VIs) | C13: 5.0005001e-05 | D13: 0.020677969 | E13: 0.0082222175 | F13: 554904.5
B14: Exp 16: 4 x While Loops (subroutine VIs) | C14: 0.011346671 | D14: 0.042908015 | E14: 0.025373806 | F14: 516245.67
... B22: Exp 21: 14 x While Loops (inline VIs) | C22: 0.1846077 | D22: 0.33646798 | E22: 0.24613451 | F22: 250986.09

Sheet Exp22
B1: Experiment 22
B2: No. | C2: Time to run 1M calls of subroutine VIs (seconds) | D2: Time to run 1M calls of inline VIs (seconds) | E2: Time to run 1M calls of subroutine and inline VIs (seconds)
B3: 1 | C3: 0.700196 | D3: 0.675328 | E3: 0.684041
B4: 2 | C4: 0.728837 | D4: 0.675579 | E4: 0.677519
B5: 3 | C5: 0.695576 | D5: 0.670753 | E5: 0.664951
B6: 4 | C6: 0.70225 | D6: 0.678515 | E6: 0.666821
B7: 5 | C7: 0.728434 | D7: 0.67303 | E7: 0.678018
A8: Avg (seconds per 1M iterations) | C8: =AVERAGE(Table14567822[Time to run 1M calls of subroutine VIs (seconds)]) -> 0.7110586 | D8: =AVERAGE(Table14567822[Time to run 1M calls of inline VIs (seconds)]) -> 0.674641 | E8: =AVERAGE(Table14567822[Time to run 1M calls of subroutine and inline VIs (seconds)]) -> 0.67427
A9: Avg (us per iteration) | C9: =C8*1000000/1000000 -> 0.7110586 | D9: =D8*1000000/1000000 -> 0.674641 | E9: =E8*1000000/1000000 -> 0.67427
A10: Difference (inline/sub+inline) (us per iteration) | C10: N/A | D10: =D9-C9 -> -0.0364176 | E10: =E9-C9 -> -0.0367886
A11: Difference (inline/sub+inline) (ns per iteration) | C11: N/A | D11: =D10*1000 -> -36.4176 | E11: =E10*1000 -> -36.7886
A12: Estimated No. of Instructions Per Loop Iteration | C12: =C9*1000*'Machine Details'!$B$3 -> 2133.1758 | D12: =D9*1000*'Machine Details'!$B$3 -> 2023.923 | E12: =E9*1000*'Machine Details'!$B$3 -> 2022.81
A13: No. of CPU Instructions Saved Per Loop Iteration | C13: N/A | D13: =ROUND($C$12,0)-ROUND(D12,0) -> 109 | E13: =ROUND($C$12,0)-ROUND(E12,0) -> 110
A14: CPU Instructions Saved Per Loop Iteration (percent) | C14: N/A | D14: =D13/$C$12 -> 0.051097523 | E14: =E13/$C$12 -> 0.051566308

Sheet Sandbox
A1: 4.050332 | B1: 3.706911 | C1: 3.49459
A2: 3.64058 | B2: 3.394413 | C2: 3.680306
A3: 3.636344 | B3: 3.364108 | C3: 3.617546
A4: 3.673426 | B4: 3.397006 | C4: 3.655654
A5: 3.694386 | B5: 3.59719 | C5: 3.54359
A6: =AVERAGE(A1:A5) -> 3.7390136 | B6: =AVERAGE(B1:B5) -> 3.4919256 | C6: =AVERAGE(C1:C5) -> 3.5983372
B7: =(B6-A6)/A6 -> -0.066083739 | C7: =(C6-A6)/A6 -> -0.037623934 | D7: 3.8% faster than PCR
C8: =(C6-B6)/B6 -> 0.030473616 | D8: 3% slower than Inline
C10: 3.7413162
C12: 3.49459
C13: 3.680306
C14: 3.617546
C15: 3.655654
C16: 3.54359
C17: 3.60098
C18: 3.568119
C19: 3.545496
C20: 3.62081
C21: 3.907686
C22: =AVERAGE(C12:C21) -> 3.6234777
